,product,link,Price,PartNumber
0,Stephen Vincent Pinot Noir Sonoma County 2013,https://www.finewineandgoodspirits.com/webapp/wcs/stores/servlet/ProductDisplay?catalogId=10051&storeId=10051&productId=1801366&langId=-1&partNumber=000072804prod&errorViewName=ProductDisplayErrorView&categoryId=1334028&top_category=1334028&parent_category_rn=1334028&urlLangId=&categoryType=Wines&fromURL=%2fwebapp%2fwcs%2fstores%2fservlet%2fCatalogSearchResultView%3fstoreId%3d10051%26catalogId%3d10051%26langId%3d-1%26categoryId%3d1334028%26categoryType%3d%26top_category%3d%26parent_category_rn%3d%26sortBy%3d5%26searchSource%3dE%26pageView%3d%26beginIndex%3d0,10.39,000072804
1,Montepeloso Gabbro 2012,https://www.finewineandgoodspirits.com/webapp/wcs/stores/servlet/ProductDisplay?catalogId=10051&storeId=10051&productId=1951522&langId=-1&partNumber=000029342prod&errorViewName=ProductDisplayErrorView&categoryId=1334028&top_category=1334028&parent_category_rn=1334028&urlLangId=&categoryType=Wines&fromURL=%2fwebapp%2fwcs%2fstores%2fservlet%2fCatalogSearchResultView%3fstoreId%3d10051%26catalogId%3d10051%26langId%3d-1%26categoryId%3d1334028%26categoryType%3d%26top_category%3d%26parent_category_rn%3d%26sortBy%3d5%26searchSource%3dE%26pageView%3d%26beginIndex%3d0,131.99,000029342
2,Hourglass Merlot Blueline Estate Calistoga 2012,https://www.finewineandgoodspirits.com/webapp/wcs/stores/servlet/ProductDisplay?catalogId=10051&storeId=10051&productId=1954746&langId=-1&partNumber=000034793prod&errorViewName=ProductDisplayErrorView&categoryId=1334028&top_category=1334028&parent_category_rn=1334028&urlLangId=&categoryType=Wines&fromURL=%2fwebapp%2fwcs%2fstores%2fservlet%2fCatalogSearchResultView%3fstoreId%3d10051%26catalogId%3d10051%26langId%3d-1%26categoryId%3d1334028%26categoryType%3d%26top_category%3d%26parent_category_rn%3d%26sortBy%3d5%26searchSource%3dE%26pageView%3d%26beginIndex%3d0,59.99,000034793
3,Prats and Symington Chryseia Douro 2013,https://www.finewineandgoodspirits.com/webapp/wcs/stores/servlet/ProductDisplay?catalogId=10051&storeId=10051&productId=1954838&langId=-1&partNumber=000034839prod&errorViewName=ProductDisplayErrorView&categoryId=&top_category=&parent_category_rn=&urlLangId=&categoryType=Wines&fromURL=%2fwebapp%2fwcs%2fstores%2fservlet%2fCatalogSearchResultView%3fstoreId%3d10051%26catalogId%3d10051%26langId%3d-1%26sType%3dSimpleSearch%26resultCatEntryType%3d2%26showResultsPage%3dtrue%26pageSize%3d15%26sortBy%3d5%26searchSource%3dQ%26pageView%3d%26beginIndex%3d0%26searchTerm%3dWine%26SearchKeyWord%3d,57.59,000034839
4,Montepeloso Nardo 2012,https://www.finewineandgoodspirits.com/webapp/wcs/stores/servlet/ProductDisplay?catalogId=10051&storeId=10051&productId=1955772&langId=-1&partNumber=000036973prod&errorViewName=ProductDisplayErrorView&categoryId=1334028&top_category=1334028&parent_category_rn=1334028&urlLangId=&categoryType=Wines&fromURL=%2fwebapp%2fwcs%2fstores%2fservlet%2fCatalogSearchResultView%3fstoreId%3d10051%26catalogId%3d10051%26langId%3d-1%26categoryId%3d1334028%26categoryType%3d%26top_category%3d%26parent_category_rn%3d%26sortBy%3d5%26searchSource%3dE%26pageView%3d%26beginIndex%3d0,107.99,000036973
5,Paul Hobbs Cabernet Sauvignon Napa Valley Beckstoffer to Kalon Vineyard 2012,https://www.finewineandgoodspirits.com/webapp/wcs/stores/servlet/ProductDisplay?catalogId=10051&storeId=10051&productId=1969656&langId=-1&partNumber=000074214prod&errorViewName=ProductDisplayErrorView&categoryId=1333936&top_category=25588&parent_category_rn=25588&urlLangId=&variety=Red&categoryType=Wines&fromURL=%2fwebapp%2fwcs%2fstores%2fservlet%2fCatalogSearchResultView%3fstoreId%3d10051%26catalogId%3d10051%26langId%3d-1%26categoryId%3d1333936%26variety%3dRed%26categoryType%3dWines%26top_category%3d%26parent_category_rn%3d%26sortBy%3d5%26searchSource%3dE%26pageView%3d%26beginIndex%3d0,293.59,000074214
6,Domaine Masson Blondelet Pouilly Fume Villa Paulus 2015,https://www.finewineandgoodspirits.com/webapp/wcs/stores/servlet/ProductDisplay?catalogId=10051&storeId=10051&productId=1971726&langId=-1&partNumber=000099103prod&errorViewName=ProductDisplayErrorView&categoryId=1334028&top_category=1334028&parent_category_rn=1334028&urlLangId=&categoryType=Wines&fromURL=%2fwebapp%2fwcs%2fstores%2fservlet%2fCatalogSearchResultView%3fstoreId%3d10051%26catalogId%3d10051%26langId%3d-1%26categoryId%3d1334028%26categoryType%3d%26top_category%3d%26parent_category_rn%3d%26sortBy%3d5%26searchSource%3dE%26pageView%3d%26beginIndex%3d0,11.99,000099103
7,Chateau Ducluzeau Listrac 2010,https://www.finewineandgoodspirits.com/webapp/wcs/stores/servlet/ProductDisplay?catalogId=10051&storeId=10051&productId=1971880&langId=-1&partNumber=000099183prod&errorViewName=ProductDisplayErrorView&categoryId=1334028&top_category=1334028&parent_category_rn=1334028&urlLangId=&categoryType=Wines&fromURL=%2fwebapp%2fwcs%2fstores%2fservlet%2fCatalogSearchResultView%3fstoreId%3d10051%26catalogId%3d10051%26langId%3d-1%26categoryId%3d1334028%26categoryType%3d%26top_category%3d%26parent_category_rn%3d%26sortBy%3d5%26searchSource%3dE%26pageView%3d%26beginIndex%3d0,23.99,000099183
8,Quinta do Gradil Ruelas Tinta Lisboa Reserva 2016,https://www.finewineandgoodspirits.com/webapp/wcs/stores/servlet/ProductDisplay?catalogId=10051&storeId=10051&productId=2067672&langId=-1&partNumber=000073545prod&errorViewName=ProductDisplayErrorView&categoryId=1333936&top_category=25588&parent_category_rn=25588&urlLangId=&variety=Red&categoryType=Wines&fromURL=%2fwebapp%2fwcs%2fstores%2fservlet%2fCatalogSearchResultView%3fstoreId%3d10051%26catalogId%3d10051%26langId%3d-1%26categoryId%3d1333936%26variety%3dRed%26categoryType%3dWines%26top_category%3d%26parent_category_rn%3d%26sortBy%3d5%26searchSource%3dE%26pageView%3d%26beginIndex%3d15,8.79,000073545
9,Conde Villar Tinto Alentejo 2016,https://www.finewineandgoodspirits.com/webapp/wcs/stores/servlet/ProductDisplay?catalogId=10051&storeId=10051&productId=2067674&langId=-1&partNumber=000073552prod&errorViewName=ProductDisplayErrorView&categoryId=1334028&top_category=1334028&parent_category_rn=1334028&urlLangId=&categoryType=Wines&fromURL=%2fwebapp%2fwcs%2fstores%2fservlet%2fCatalogSearchResultView%3fstoreId%3d10051%26catalogId%3d10051%26langId%3d-1%26categoryId%3d1334028%26categoryType%3d%26top_category%3d%26parent_category_rn%3d%26sortBy%3d5%26searchSource%3dE%26pageView%3d%26beginIndex%3d0,9.59,000073552
10,Conde Villar Alvarinho Minho 2016,https://www.finewineandgoodspirits.com/webapp/wcs/stores/servlet/ProductDisplay?catalogId=10051&storeId=10051&productId=2067678&langId=-1&partNumber=000073557prod&errorViewName=ProductDisplayErrorView&categoryId=1334028&top_category=1334028&parent_category_rn=1334028&urlLangId=&categoryType=Wines&fromURL=%2fwebapp%2fwcs%2fstores%2fservlet%2fCatalogSearchResultView%3fstoreId%3d10051%26catalogId%3d10051%26langId%3d-1%26categoryId%3d1334028%26categoryType%3d%26top_category%3d%26parent_category_rn%3d%26sortBy%3d5%26searchSource%3dE%26pageView%3d%26beginIndex%3d0,16.79,000073557
11,Luna Beberide Godello Bierzo 2016,https://www.finewineandgoodspirits.com/webapp/wcs/stores/servlet/ProductDisplay?catalogId=10051&storeId=10051&productId=2067686&langId=-1&partNumber=000073572prod&errorViewName=ProductDisplayErrorView&categoryId=1334028&top_category=1334028&parent_category_rn=1334028&urlLangId=&categoryType=Wines&fromURL=%2fwebapp%2fwcs%2fstores%2fservlet%2fCatalogSearchResultView%3fstoreId%3d10051%26catalogId%3d10051%26langId%3d-1%26categoryId%3d1334028%26categoryType%3d%26top_category%3d%26parent_category_rn%3d%26sortBy%3d5%26searchSource%3dE%26pageView%3d%26beginIndex%3d0,16.79,000073572
12,Fonte alla Selva Chianti Classico Gran Selezione 2013,https://www.finewineandgoodspirits.com/webapp/wcs/stores/servlet/ProductDisplay?catalogId=10051&storeId=10051&productId=2073168&langId=-1&partNumber=000073598prod&errorViewName=ProductDisplayErrorView&categoryId=1334028&top_category=1334028&parent_category_rn=1334028&urlLangId=&categoryType=Wines&fromURL=%2fwebapp%2fwcs%2fstores%2fservlet%2fCatalogSearchResultView%3fstoreId%3d10051%26catalogId%3d10051%26langId%3d-1%26categoryId%3d1334028%26categoryType%3d%26top_category%3d%26parent_category_rn%3d%26sortBy%3d5%26searchSource%3dE%26pageView%3d%26beginIndex%3d0,19.99,000073598
13,Podere San Cristoforo Luminoso Maremma 2016,https://www.finewineandgoodspirits.com/webapp/wcs/stores/servlet/ProductDisplay?catalogId=10051&storeId=10051&productId=2155880&langId=-1&partNumber=000074684prod&errorViewName=ProductDisplayErrorView&categoryId=1334028&top_category=1334028&parent_category_rn=1334028&urlLangId=&categoryType=Wines&fromURL=%2fwebapp%2fwcs%2fstores%2fservlet%2fCatalogSearchResultView%3fstoreId%3d10051%26catalogId%3d10051%26langId%3d-1%26categoryId%3d1334028%26categoryType%3d%26top_category%3d%26parent_category_rn%3d%26sortBy%3d5%26searchSource%3dE%26pageView%3d%26beginIndex%3d0,19.19,000074684
14,Fattoria Fibbiano Le Pianette Toscana 2014,https://www.finewineandgoodspirits.com/webapp/wcs/stores/servlet/ProductDisplay?catalogId=10051&storeId=10051&productId=2155886&langId=-1&partNumber=000074766prod&errorViewName=ProductDisplayErrorView&categoryId=1334028&top_category=1334028&parent_category_rn=1334028&urlLangId=&categoryType=Wines&fromURL=%2fwebapp%2fwcs%2fstores%2fservlet%2fCatalogSearchResultView%3fstoreId%3d10051%26catalogId%3d10051%26langId%3d-1%26categoryId%3d1334028%26categoryType%3d%26top_category%3d%26parent_category_rn%3d%26sortBy%3d5%26searchSource%3dE%26pageView%3d%26beginIndex%3d0,11.99,000074766
15,Sagelands Riverbed Red Columbia Valley 2016,https://www.finewineandgoodspirits.com/webapp/wcs/stores/servlet/ProductDisplay?catalogId=10051&storeId=10051&productId=2185938&langId=-1&partNumber=000075254prod&errorViewName=ProductDisplayErrorView&categoryId=1333936&top_category=25588&parent_category_rn=25588&urlLangId=&variety=Red&categoryType=Wines&fromURL=%2fwebapp%2fwcs%2fstores%2fservlet%2fCatalogSearchResultView%3fstoreId%3d10051%26catalogId%3d10051%26langId%3d-1%26categoryId%3d1333936%26variety%3dRed%26categoryType%3dWines%26top_category%3d%26parent_category_rn%3d%26sortBy%3d5%26searchSource%3dE%26pageView%3d%26beginIndex%3d15,11.19,000075254
16,Pendulum Red Blend Columbia Valley 2014,https://www.finewineandgoodspirits.com/webapp/wcs/stores/servlet/ProductDisplay?catalogId=10051&storeId=10051&productId=2185942&langId=-1&partNumber=000075256prod&errorViewName=ProductDisplayErrorView&categoryId=1334028&top_category=1334028&parent_category_rn=1334028&urlLangId=&categoryType=Wines&fromURL=%2fwebapp%2fwcs%2fstores%2fservlet%2fCatalogSearchResultView%3fstoreId%3d10051%26catalogId%3d10051%26langId%3d-1%26categoryId%3d1334028%26categoryType%3d%26top_category%3d%26parent_category_rn%3d%26sortBy%3d5%26searchSource%3dE%26pageView%3d%26beginIndex%3d15,17.59,000075256
17,Waterbrook Reserve Merlot Columbia Valley 2014,https://www.finewineandgoodspirits.com/webapp/wcs/stores/servlet/ProductDisplay?catalogId=10051&storeId=10051&productId=2185944&langId=-1&partNumber=000075257prod&errorViewName=ProductDisplayErrorView&categoryId=1334028&top_category=1334028&parent_category_rn=1334028&urlLangId=&categoryType=Wines&fromURL=%2fwebapp%2fwcs%2fstores%2fservlet%2fCatalogSearchResultView%3fstoreId%3d10051%26catalogId%3d10051%26langId%3d-1%26categoryId%3d1334028%26categoryType%3d%26top_category%3d%26parent_category_rn%3d%26sortBy%3d5%26searchSource%3dE%26pageView%3d%26beginIndex%3d15,22.39,000075257
18,Salvioni Brunello di Montalcino 2013,https://www.finewineandgoodspirits.com/webapp/wcs/stores/servlet/ProductDisplay?catalogId=10051&storeId=10051&productId=2188008&langId=-1&partNumber=000075196prod&errorViewName=ProductDisplayErrorView&categoryId=1334028&top_category=1334028&parent_category_rn=1334028&urlLangId=&categoryType=Wines&fromURL=%2fwebapp%2fwcs%2fstores%2fservlet%2fCatalogSearchResultView%3fstoreId%3d10051%26catalogId%3d10051%26langId%3d-1%26categoryId%3d1334028%26categoryType%3d%26top_category%3d%26parent_category_rn%3d%26sortBy%3d5%26searchSource%3dE%26pageView%3d%26beginIndex%3d15,151.99,000075196
19,Red Newt Dry Riesling Finger Lakes 2015,https://www.finewineandgoodspirits.com/webapp/wcs/stores/servlet/ProductDisplay?catalogId=10051&storeId=10051&productId=2211968&langId=-1&partNumber=000075596prod&errorViewName=ProductDisplayErrorView&categoryId=&top_category=&parent_category_rn=&urlLangId=&categoryType=Wines&fromURL=%2fwebapp%2fwcs%2fstores%2fservlet%2fCatalogSearchResultView%3fstoreId%3d10051%26catalogId%3d10051%26langId%3d-1%26sType%3dSimpleSearch%26resultCatEntryType%3d2%26showResultsPage%3dtrue%26pageSize%3d15%26sortBy%3d5%26searchSource%3dQ%26pageView%3d%26beginIndex%3d0%26searchTerm%3dWine%26SearchKeyWord%3d,15.99,000075596
20,Casa da Passarella Somontes Dao Reserva Tinto 2011,https://www.finewineandgoodspirits.com/webapp/wcs/stores/servlet/ProductDisplay?catalogId=10051&storeId=10051&productId=2249578&langId=-1&partNumber=000076197prod&errorViewName=ProductDisplayErrorView&categoryId=1334028&top_category=1334028&parent_category_rn=1334028&urlLangId=&categoryType=Wines&fromURL=%2fwebapp%2fwcs%2fstores%2fservlet%2fCatalogSearchResultView%3fstoreId%3d10051%26catalogId%3d10051%26langId%3d-1%26categoryId%3d1334028%26categoryType%3d%26top_category%3d%26parent_category_rn%3d%26sortBy%3d5%26searchSource%3dE%26pageView%3d%26beginIndex%3d0,15.19,000076197
21,Casa da Passarella Vinhas Velhas Dao Tinto 2012,https://www.finewineandgoodspirits.com/webapp/wcs/stores/servlet/ProductDisplay?catalogId=10051&storeId=10051&productId=2249580&langId=-1&partNumber=000076198prod&errorViewName=ProductDisplayErrorView&categoryId=1334028&top_category=1334028&parent_category_rn=1334028&urlLangId=&categoryType=Wines&fromURL=%2fwebapp%2fwcs%2fstores%2fservlet%2fCatalogSearchResultView%3fstoreId%3d10051%26catalogId%3d10051%26langId%3d-1%26categoryId%3d1334028%26categoryType%3d%26top_category%3d%26parent_category_rn%3d%26sortBy%3d5%26searchSource%3dE%26pageView%3d%26beginIndex%3d0,27.99,000076198
22,Quinta das Maias Malvasia Fina Dao 2015,https://www.finewineandgoodspirits.com/webapp/wcs/stores/servlet/ProductDisplay?catalogId=10051&storeId=10051&productId=2256176&langId=-1&partNumber=000076283prod&errorViewName=ProductDisplayErrorView&categoryId=&top_category=&parent_category_rn=&urlLangId=&categoryType=Wines&fromURL=%2fwebapp%2fwcs%2fstores%2fservlet%2fCatalogSearchResultView%3fstoreId%3d10051%26catalogId%3d10051%26langId%3d-1%26sType%3dSimpleSearch%26resultCatEntryType%3d2%26showResultsPage%3dtrue%26pageSize%3d15%26sortBy%3d5%26searchSource%3dQ%26pageView%3d%26beginIndex%3d0%26searchTerm%3dWine%26SearchKeyWord%3d,12.79,000076283
23,Quinta das Maias Tinto Dao 2014,https://www.finewineandgoodspirits.com/webapp/wcs/stores/servlet/ProductDisplay?catalogId=10051&storeId=10051&productId=2256178&langId=-1&partNumber=000076284prod&errorViewName=ProductDisplayErrorView&categoryId=1334028&top_category=1334028&parent_category_rn=1334028&urlLangId=&categoryType=Wines&fromURL=%2fwebapp%2fwcs%2fstores%2fservlet%2fCatalogSearchResultView%3fstoreId%3d10051%26catalogId%3d10051%26langId%3d-1%26categoryId%3d1334028%26categoryType%3d%26top_category%3d%26parent_category_rn%3d%26sortBy%3d5%26searchSource%3dE%26pageView%3d%26beginIndex%3d15,10.39,000076284
24,Julia Kemper Vinhas Selecionadas Tinto Dao 2012,https://www.finewineandgoodspirits.com/webapp/wcs/stores/servlet/ProductDisplay?catalogId=10051&storeId=10051&productId=2256180&langId=-1&partNumber=000076286prod&errorViewName=ProductDisplayErrorView&categoryId=1334028&top_category=1334028&parent_category_rn=1334028&urlLangId=&categoryType=Wines&fromURL=%2fwebapp%2fwcs%2fstores%2fservlet%2fCatalogSearchResultView%3fstoreId%3d10051%26catalogId%3d10051%26langId%3d-1%26categoryId%3d1334028%26categoryType%3d%26top_category%3d%26parent_category_rn%3d%26sortBy%3d5%26searchSource%3dE%26pageView%3d%26beginIndex%3d15,14.39,000076286
25,Quinta dos Roques Encruzado Dao 2015,https://www.finewineandgoodspirits.com/webapp/wcs/stores/servlet/ProductDisplay?catalogId=10051&storeId=10051&productId=2256182&langId=-1&partNumber=000076288prod&errorViewName=ProductDisplayErrorView&categoryId=1334028&top_category=1334028&parent_category_rn=1334028&urlLangId=&categoryType=Wines&fromURL=%2fwebapp%2fwcs%2fstores%2fservlet%2fCatalogSearchResultView%3fstoreId%3d10051%26catalogId%3d10051%26langId%3d-1%26categoryId%3d1334028%26categoryType%3d%26top_category%3d%26parent_category_rn%3d%26sortBy%3d5%26searchSource%3dE%26pageView%3d%26beginIndex%3d0,17.59,000076288
26,Raats Jasper Red Blend Stellenbosch 2015,https://www.finewineandgoodspirits.com/webapp/wcs/stores/servlet/ProductDisplay?catalogId=10051&storeId=10051&productId=2285176&langId=-1&partNumber=000076829prod&errorViewName=ProductDisplayErrorView&categoryId=1334028&top_category=1334028&parent_category_rn=1334028&urlLangId=&categoryType=Wines&fromURL=%2fwebapp%2fwcs%2fstores%2fservlet%2fCatalogSearchResultView%3fstoreId%3d10051%26catalogId%3d10051%26langId%3d-1%26categoryId%3d1334028%26categoryType%3d%26top_category%3d%26parent_category_rn%3d%26sortBy%3d5%26searchSource%3dE%26pageView%3d%26beginIndex%3d0,13.59,000076829
27,Kanonkop Kadette Red Blend Stellenbosch 2016,https://www.finewineandgoodspirits.com/webapp/wcs/stores/servlet/ProductDisplay?catalogId=10051&storeId=10051&productId=2285180&langId=-1&partNumber=000076831prod&errorViewName=ProductDisplayErrorView&categoryId=1334028&top_category=1334028&parent_category_rn=1334028&urlLangId=&categoryType=Wines&fromURL=%2fwebapp%2fwcs%2fstores%2fservlet%2fCatalogSearchResultView%3fstoreId%3d10051%26catalogId%3d10051%26langId%3d-1%26categoryId%3d1334028%26categoryType%3d%26top_category%3d%26parent_category_rn%3d%26sortBy%3d5%26searchSource%3dE%26pageView%3d%26beginIndex%3d15,11.99,000076831
28,Reyneke Syrah Stellenbosch 2014,https://www.finewineandgoodspirits.com/webapp/wcs/stores/servlet/ProductDisplay?catalogId=10051&storeId=10051&productId=2286168&langId=-1&partNumber=000076883prod&errorViewName=ProductDisplayErrorView&categoryId=1334028&top_category=1334028&parent_category_rn=1334028&urlLangId=&categoryType=Wines&fromURL=%2fwebapp%2fwcs%2fstores%2fservlet%2fCatalogSearchResultView%3fstoreId%3d10051%26catalogId%3d10051%26langId%3d-1%26categoryId%3d1334028%26categoryType%3d%26top_category%3d%26parent_category_rn%3d%26sortBy%3d5%26searchSource%3dE%26pageView%3d%26beginIndex%3d15,21.59,000076883
29,Chateau Soucherie Anjou Blanc Cuvee Les Rangs de Long 2016,https://www.finewineandgoodspirits.com/webapp/wcs/stores/servlet/ProductDisplay?catalogId=10051&storeId=10051&productId=2300728&langId=-1&partNumber=000077052prod&errorViewName=ProductDisplayErrorView&categoryId=1333958&top_category=25588&parent_category_rn=25588&urlLangId=&variety=White&categoryType=Wines&fromURL=%2fwebapp%2fwcs%2fstores%2fservlet%2fCatalogSearchResultView%3fstoreId%3d10051%26catalogId%3d10051%26langId%3d-1%26categoryId%3d1333958%26variety%3dWhite%26categoryType%3dWines%26top_category%3d%26parent_category_rn%3d%26sortBy%3d5%26searchSource%3dE%26pageView%3d%26beginIndex%3d0,17.59,000077052
30,Rocca di Frassinello Poggio alla Guardia Maremma Tuscany 2015,https://www.finewineandgoodspirits.com/webapp/wcs/stores/servlet/ProductDisplay?catalogId=10051&storeId=10051&productId=2307244&langId=-1&partNumber=000077158prod&errorViewName=ProductDisplayErrorView&categoryId=1334028&top_category=1334028&parent_category_rn=1334028&urlLangId=&categoryType=Wines&fromURL=%2fwebapp%2fwcs%2fstores%2fservlet%2fCatalogSearchResultView%3fstoreId%3d10051%26catalogId%3d10051%26langId%3d-1%26categoryId%3d1334028%26categoryType%3d%26top_category%3d%26parent_category_rn%3d%26sortBy%3d5%26searchSource%3dE%26pageView%3d%26beginIndex%3d30,19.19,000077158
31,Trimbach Reserve Muscat Alsace 2016,https://www.finewineandgoodspirits.com/webapp/wcs/stores/servlet/ProductDisplay?catalogId=10051&storeId=10051&productId=2307252&langId=-1&partNumber=000077202prod&errorViewName=ProductDisplayErrorView&categoryId=1334028&top_category=1334028&parent_category_rn=1334028&urlLangId=&categoryType=Wines&fromURL=%2fwebapp%2fwcs%2fstores%2fservlet%2fCatalogSearchResultView%3fstoreId%3d10051%26catalogId%3d10051%26langId%3d-1%26categoryId%3d1334028%26categoryType%3d%26top_category%3d%26parent_category_rn%3d%26sortBy%3d5%26searchSource%3dE%26pageView%3d%26beginIndex%3d30,23.99,000077202
32,Mango Libre Mango Lime Mint Sparkling Cocktail 12 Pack 10 Proof,https://www.finewineandgoodspirits.com/webapp/wcs/stores/servlet/ProductDisplay?catalogId=10051&storeId=10051&productId=2314222&langId=-1&partNumber=000016929prod&errorViewName=ProductDisplayErrorView&categoryId=1334028&top_category=1334028&parent_category_rn=1334028&urlLangId=&categoryType=Spirits&fromURL=%2fwebapp%2fwcs%2fstores%2fservlet%2fCatalogSearchResultView%3fstoreId%3d10051%26catalogId%3d10051%26langId%3d-1%26categoryId%3d1334028%26categoryType%3d%26top_category%3d%26parent_category_rn%3d%26sortBy%3d5%26searchSource%3dE%26pageView%3d%26beginIndex%3d0,22.39,000016929
33,Le Temps des Vendanges Malbec et Merlot Comte Tolosan 2016,https://www.finewineandgoodspirits.com/webapp/wcs/stores/servlet/ProductDisplay?catalogId=10051&storeId=10051&productId=2327768&langId=-1&partNumber=000077301prod&errorViewName=ProductDisplayErrorView&categoryId=1334028&top_category=1334028&parent_category_rn=1334028&urlLangId=&categoryType=Wines&fromURL=%2fwebapp%2fwcs%2fstores%2fservlet%2fCatalogSearchResultView%3fstoreId%3d10051%26catalogId%3d10051%26langId%3d-1%26categoryId%3d1334028%26categoryType%3d%26top_category%3d%26parent_category_rn%3d%26sortBy%3d5%26searchSource%3dE%26pageView%3d%26beginIndex%3d30,10.39,000077301
34,Yobo Soju New York 26 Proof,https://www.finewineandgoodspirits.com/webapp/wcs/stores/servlet/ProductDisplay?catalogId=10051&storeId=10051&productId=2327782&langId=-1&partNumber=000078968prod&errorViewName=ProductDisplayErrorView&categoryId=1334028&top_category=1334028&parent_category_rn=1334028&urlLangId=&categoryType=Wines&fromURL=%2fwebapp%2fwcs%2fstores%2fservlet%2fCatalogSearchResultView%3fstoreId%3d10051%26catalogId%3d10051%26langId%3d-1%26categoryId%3d1334028%26categoryType%3d%26top_category%3d%26parent_category_rn%3d%26sortBy%3d5%26searchSource%3dE%26pageView%3d%26beginIndex%3d0,29.59,000078968
35,Castello Frescobaldi Pomino Bianco 2017,https://www.finewineandgoodspirits.com/webapp/wcs/stores/servlet/ProductDisplay?catalogId=10051&storeId=10051&productId=2329774&langId=-1&partNumber=000077340prod&errorViewName=ProductDisplayErrorView&categoryId=1334028&top_category=1334028&parent_category_rn=1334028&urlLangId=&categoryType=Wines&fromURL=%2fwebapp%2fwcs%2fstores%2fservlet%2fCatalogSearchResultView%3fstoreId%3d10051%26catalogId%3d10051%26langId%3d-1%26categoryId%3d1334028%26categoryType%3d%26top_category%3d%26parent_category_rn%3d%26sortBy%3d5%26searchSource%3dE%26pageView%3d%26beginIndex%3d0,17.59,000077340
36,Frescobaldi Tenuta Perano Chianti Classico 2015,https://www.finewineandgoodspirits.com/webapp/wcs/stores/servlet/ProductDisplay?catalogId=10051&storeId=10051&productId=2329776&langId=-1&partNumber=000077341prod&errorViewName=ProductDisplayErrorView&categoryId=1334028&top_category=1334028&parent_category_rn=1334028&urlLangId=&categoryType=Wines&fromURL=%2fwebapp%2fwcs%2fstores%2fservlet%2fCatalogSearchResultView%3fstoreId%3d10051%26catalogId%3d10051%26langId%3d-1%26categoryId%3d1334028%26categoryType%3d%26top_category%3d%26parent_category_rn%3d%26sortBy%3d5%26searchSource%3dE%26pageView%3d%26beginIndex%3d0,22.39,000077341
37,Domaine Ilarria Irouleguy Rouge 2015,https://www.finewineandgoodspirits.com/webapp/wcs/stores/servlet/ProductDisplay?catalogId=10051&storeId=10051&productId=2329778&langId=-1&partNumber=000077342prod&errorViewName=ProductDisplayErrorView&categoryId=1334028&top_category=1334028&parent_category_rn=1334028&urlLangId=&categoryType=Wines&fromURL=%2fwebapp%2fwcs%2fstores%2fservlet%2fCatalogSearchResultView%3fstoreId%3d10051%26catalogId%3d10051%26langId%3d-1%26categoryId%3d1334028%26categoryType%3d%26top_category%3d%26parent_category_rn%3d%26sortBy%3d5%26searchSource%3dE%26pageView%3d%26beginIndex%3d0,23.19,000077342
38,Julia's Dazzle Rose Horse Heaven Hills 2016,https://www.finewineandgoodspirits.com/webapp/wcs/stores/servlet/ProductDisplay?catalogId=10051&storeId=10051&productId=2412464&langId=-1&partNumber=000017663prod&errorViewName=ProductDisplayErrorView&categoryId=1334028&top_category=1334028&parent_category_rn=1334028&urlLangId=&categoryType=Wines&fromURL=%2fwebapp%2fwcs%2fstores%2fservlet%2fCatalogSearchResultView%3fstoreId%3d10051%26catalogId%3d10051%26langId%3d-1%26categoryId%3d1334028%26categoryType%3d%26top_category%3d%26parent_category_rn%3d%26sortBy%3d5%26searchSource%3dE%26pageView%3d%26beginIndex%3d0,19.99,000017663
39,Gentleman's Collection Forgo Frills Red Blend California,https://www.finewineandgoodspirits.com/webapp/wcs/stores/servlet/ProductDisplay?catalogId=10051&storeId=10051&productId=1786474&langId=-1&partNumber=000001197prod&errorViewName=ProductDisplayErrorView&categoryId=1334028&top_category=1334028&parent_category_rn=1334028&urlLangId=&categoryType=Wines&fromURL=%2fwebapp%2fwcs%2fstores%2fservlet%2fCatalogSearchResultView%3fstoreId%3d10051%26catalogId%3d10051%26langId%3d-1%26categoryId%3d1334028%26categoryType%3d%26top_category%3d%26parent_category_rn%3d%26sortBy%3d5%26searchSource%3dE%26pageView%3d%26beginIndex%3d30,13.59,000001197
40,Sanford Chardonnay Sta Rita Hills,https://www.finewineandgoodspirits.com/webapp/wcs/stores/servlet/ProductDisplay?catalogId=10051&storeId=10051&productId=1795814&langId=-1&partNumber=000001187prod&errorViewName=ProductDisplayErrorView&categoryId=1334028&top_category=1334028&parent_category_rn=1334028&urlLangId=&categoryType=Wines&fromURL=%2fwebapp%2fwcs%2fstores%2fservlet%2fCatalogSearchResultView%3fstoreId%3d10051%26catalogId%3d10051%26langId%3d-1%26categoryId%3d1334028%26categoryType%3d%26top_category%3d%26parent_category_rn%3d%26sortBy%3d5%26searchSource%3dE%26pageView%3d%26beginIndex%3d0,16.19,000001187
41,Jameson Whiskey Trilogy Pack 1 Caskmates IPA Edition 1 Original 1 Caskmates Stout Edition 3x200 ML 80 Proof,https://www.finewineandgoodspirits.com/webapp/wcs/stores/servlet/ProductDisplay?catalogId=10051&storeId=10051&productId=1939574&langId=-1&partNumber=000001402prod&errorViewName=ProductDisplayErrorView&categoryId=1334030&top_category=1334028&parent_category_rn=1334028&urlLangId=&categoryType=Spirits&fromURL=%2fwebapp%2fwcs%2fstores%2fservlet%2fCatalogSearchResultView%3fstoreId%3d10051%26catalogId%3d10051%26langId%3d-1%26categoryId%3d1334030%26categoryType%3d%26top_category%3d%26parent_category_rn%3d%26sortBy%3d5%26searchSource%3dE%26pageView%3d%26beginIndex%3d0,23.99,000001402
42,Smirnoff Sourced Cranberry Apple Vodka 60 Proof,https://www.finewineandgoodspirits.com/webapp/wcs/stores/servlet/ProductDisplay?catalogId=10051&storeId=10051&productId=1939732&langId=-1&partNumber=000001517prod&errorViewName=ProductDisplayErrorView&categoryId=1334012&top_category=25208&parent_category_rn=1334010&urlLangId=&variety=Flavored+Vodka&categoryType=Spirits&fromURL=%2fwebapp%2fwcs%2fstores%2fservlet%2fCatalogSearchResultView%3fstoreId%3d10051%26catalogId%3d10051%26langId%3d-1%26categoryId%3d1334012%26variety%3dFlavored%2bVodka%26categoryType%3dSpirits%26top_category%3d%26parent_category_rn%3d%26sortBy%3d5%26searchSource%3dE%26pageView%3d%26beginIndex%3d15,8.99,000001517
43,Mr and Mrs T's Bloody Mary Mix Fiery Pepper Non Alcohol,https://www.finewineandgoodspirits.com/webapp/wcs/stores/servlet/ProductDisplay?catalogId=10051&storeId=10051&productId=1939764&langId=-1&partNumber=000001538prod&errorViewName=ProductDisplayErrorView&categoryId=1334030&top_category=1334028&parent_category_rn=1334028&urlLangId=&categoryType=Spirits&fromURL=%2fwebapp%2fwcs%2fstores%2fservlet%2fCatalogSearchResultView%3fstoreId%3d10051%26catalogId%3d10051%26langId%3d-1%26categoryId%3d1334030%26categoryType%3d%26top_category%3d%26parent_category_rn%3d%26sortBy%3d5%26searchSource%3dE%26pageView%3d%26beginIndex%3d0,4.79,000001538
44,Stellina di Notte Pinot Grigio Delle Venezie,https://www.finewineandgoodspirits.com/webapp/wcs/stores/servlet/ProductDisplay?catalogId=10051&storeId=10051&productId=1939880&langId=-1&partNumber=000001649prod&errorViewName=ProductDisplayErrorView&categoryId=1334028&top_category=1334028&parent_category_rn=1334028&urlLangId=&categoryType=Wines&fromURL=%2fwebapp%2fwcs%2fstores%2fservlet%2fCatalogSearchResultView%3fstoreId%3d10051%26catalogId%3d10051%26langId%3d-1%26categoryId%3d1334028%26categoryType%3d%26top_category%3d%26parent_category_rn%3d%26sortBy%3d5%26searchSource%3dE%26pageView%3d%26beginIndex%3d30,10.39,000001649
45,Stella Rosa Black IL Conte Italy,https://www.finewineandgoodspirits.com/webapp/wcs/stores/servlet/ProductDisplay?catalogId=10051&storeId=10051&productId=1940218&langId=-1&partNumber=000002138prod&errorViewName=ProductDisplayErrorView&categoryId=1334028&top_category=1334028&parent_category_rn=1334028&urlLangId=&categoryType=Wines&fromURL=%2fwebapp%2fwcs%2fstores%2fservlet%2fCatalogSearchResultView%3fstoreId%3d10051%26catalogId%3d10051%26langId%3d-1%26categoryId%3d1334028%26categoryType%3d%26top_category%3d%26parent_category_rn%3d%26sortBy%3d5%26searchSource%3dE%26pageView%3d%26beginIndex%3d30,3.99,000002138
46,RumChata FrappaChata Iced Coffee Ready To Drink 25 Proof,https://www.finewineandgoodspirits.com/webapp/wcs/stores/servlet/ProductDisplay?catalogId=10051&storeId=10051&productId=1940240&langId=-1&partNumber=000002149prod&errorViewName=ProductDisplayErrorView&categoryId=1334368&top_category=25208&parent_category_rn=1334022&urlLangId=&variety=Ready+to+Drink&categoryType=Spirits&fromURL=%2fwebapp%2fwcs%2fstores%2fservlet%2fCatalogSearchResultView%3fstoreId%3d10051%26catalogId%3d10051%26langId%3d-1%26categoryId%3d1334368%26variety%3dReady%2bto%2bDrink%26categoryType%3dSpirits%26top_category%3d%26parent_category_rn%3d%26sortBy%3d5%26searchSource%3dE%26pageView%3d%26beginIndex%3d15,11.99,000002149
47,Naked Grape Pinot Grigio California,https://www.finewineandgoodspirits.com/webapp/wcs/stores/servlet/ProductDisplay?catalogId=10051&storeId=10051&productId=1941084&langId=-1&partNumber=000003594prod&errorViewName=ProductDisplayErrorView&categoryId=1334028&top_category=1334028&parent_category_rn=1334028&urlLangId=&categoryType=Wines&fromURL=%2fwebapp%2fwcs%2fstores%2fservlet%2fCatalogSearchResultView%3fstoreId%3d10051%26catalogId%3d10051%26langId%3d-1%26categoryId%3d1334028%26categoryType%3d%26top_category%3d%26parent_category_rn%3d%26sortBy%3d5%26searchSource%3dE%26pageView%3d%26beginIndex%3d45,7.19,000003594
48,Hazlitt 1852 Vineyards Red Cat Holiday Finger Lakes,https://www.finewineandgoodspirits.com/webapp/wcs/stores/servlet/ProductDisplay?catalogId=10051&storeId=10051&productId=1941454&langId=-1&partNumber=000003871prod&errorViewName=ProductDisplayErrorView&categoryId=&top_category=&parent_category_rn=&urlLangId=&categoryType=Wines&fromURL=%2fwebapp%2fwcs%2fstores%2fservlet%2fCatalogSearchResultView%3fstoreId%3d10051%26catalogId%3d10051%26langId%3d-1%26sType%3dSimpleSearch%26resultCatEntryType%3d2%26showResultsPage%3dtrue%26pageSize%3d15%26sortBy%3d5%26searchSource%3dQ%26pageView%3d%26beginIndex%3d0%26searchTerm%3dRed%2bBlend%2bWine%26SearchKeyWord%3d,7.19,000003871
49,DeKuyper Sour Apple Pucker Schnapps 30 Proof,https://www.finewineandgoodspirits.com/webapp/wcs/stores/servlet/ProductDisplay?catalogId=10051&storeId=10051&productId=1941892&langId=-1&partNumber=000004294prod&errorViewName=ProductDisplayErrorView&categoryId=1333990&top_category=25208&parent_category_rn=25208&urlLangId=&variety=Cordials%2fLiqueurs&categoryType=Spirits&fromURL=%2fwebapp%2fwcs%2fstores%2fservlet%2fCatalogSearchResultView%3fstoreId%3d10051%26catalogId%3d10051%26langId%3d-1%26categoryId%3d1333990%26variety%3dCordials%252fLiqueurs%26categoryType%3dSpirits%26top_category%3d%26parent_category_rn%3d%26sortBy%3d5%26searchSource%3dE%26pageView%3d%26beginIndex%3d30,9.99,000004294
50,Coppola Rosso and Bianco Chardonnay California,https://www.finewineandgoodspirits.com/webapp/wcs/stores/servlet/ProductDisplay?catalogId=10051&storeId=10051&productId=1942384&langId=-1&partNumber=000004727prod&errorViewName=ProductDisplayErrorView&categoryId=1334028&top_category=1334028&parent_category_rn=1334028&urlLangId=&categoryType=Wines&fromURL=%2fwebapp%2fwcs%2fstores%2fservlet%2fCatalogSearchResultView%3fstoreId%3d10051%26catalogId%3d10051%26langId%3d-1%26categoryId%3d1334028%26categoryType%3d%26top_category%3d%26parent_category_rn%3d%26sortBy%3d5%26searchSource%3dE%26pageView%3d%26beginIndex%3d45,6.99,000004727
51,Concha y Toro Frontera Shiraz,https://www.finewineandgoodspirits.com/webapp/wcs/stores/servlet/ProductDisplay?catalogId=10051&storeId=10051&productId=1942564&langId=-1&partNumber=000004887prod&errorViewName=ProductDisplayErrorView&categoryId=1334028&top_category=1334028&parent_category_rn=1334028&urlLangId=&categoryType=Wines&fromURL=%2fwebapp%2fwcs%2fstores%2fservlet%2fCatalogSearchResultView%3fstoreId%3d10051%26catalogId%3d10051%26langId%3d-1%26categoryId%3d1334028%26categoryType%3d%26top_category%3d%26parent_category_rn%3d%26sortBy%3d5%26searchSource%3dE%26pageView%3d%26beginIndex%3d45,6.59,000004887
52,Kendall Jackson Syrah Vintner's Reserve Santa Barbara County,https://www.finewineandgoodspirits.com/webapp/wcs/stores/servlet/ProductDisplay?catalogId=10051&storeId=10051&productId=1942698&langId=-1&partNumber=000005029prod&errorViewName=ProductDisplayErrorView&categoryId=1334028&top_category=1334028&parent_category_rn=1334028&urlLangId=&categoryType=Wines&fromURL=%2fwebapp%2fwcs%2fstores%2fservlet%2fCatalogSearchResultView%3fstoreId%3d10051%26catalogId%3d10051%26langId%3d-1%26categoryId%3d1334028%26categoryType%3d%26top_category%3d%26parent_category_rn%3d%26sortBy%3d5%26searchSource%3dE%26pageView%3d%26beginIndex%3d45,11.99,000005029
53,DeKuyper Holiday Candy Cane Schnapps 4x50 ML 45 Proof,https://www.finewineandgoodspirits.com/webapp/wcs/stores/servlet/ProductDisplay?catalogId=10051&storeId=10051&productId=1943326&langId=-1&partNumber=000005592prod&errorViewName=ProductDisplayErrorView&categoryId=1334028&top_category=1334028&parent_category_rn=1334028&urlLangId=&categoryType=Spirits&fromURL=%2fwebapp%2fwcs%2fstores%2fservlet%2fCatalogSearchResultView%3fstoreId%3d10051%26catalogId%3d10051%26langId%3d-1%26categoryId%3d1334028%26categoryType%3d%26top_category%3d%26parent_category_rn%3d%26sortBy%3d5%26searchSource%3dE%26pageView%3d%26beginIndex%3d45,3.99,000005592
54,Hazlitt 1852 Vineyards Red Cat Halloween,https://www.finewineandgoodspirits.com/webapp/wcs/stores/servlet/ProductDisplay?catalogId=10051&storeId=10051&productId=1943378&langId=-1&partNumber=000005648prod&errorViewName=ProductDisplayErrorView&categoryId=1334028&top_category=1334028&parent_category_rn=1334028&urlLangId=&categoryType=Wines&fromURL=%2fwebapp%2fwcs%2fstores%2fservlet%2fCatalogSearchResultView%3fstoreId%3d10051%26catalogId%3d10051%26langId%3d-1%26categoryId%3d1334028%26categoryType%3d%26top_category%3d%26parent_category_rn%3d%26sortBy%3d5%26searchSource%3dE%26pageView%3d%26beginIndex%3d45,5.39,000005648
55,Georges Duboeuf Beaujolais Nouveau,https://www.finewineandgoodspirits.com/webapp/wcs/stores/servlet/ProductDisplay?catalogId=10051&storeId=10051&productId=1943594&langId=-1&partNumber=000005877prod&errorViewName=ProductDisplayErrorView&categoryId=1334028&top_category=1334028&parent_category_rn=1334028&urlLangId=&categoryType=Wines&fromURL=%2fwebapp%2fwcs%2fstores%2fservlet%2fCatalogSearchResultView%3fstoreId%3d10051%26catalogId%3d10051%26langId%3d-1%26categoryId%3d1334028%26categoryType%3d%26top_category%3d%26parent_category_rn%3d%26sortBy%3d5%26searchSource%3dE%26pageView%3d%26beginIndex%3d45,9.59,000005877
56,Hob Nob Red Blend France,https://www.finewineandgoodspirits.com/webapp/wcs/stores/servlet/ProductDisplay?catalogId=10051&storeId=10051&productId=1943654&langId=-1&partNumber=000005922prod&errorViewName=ProductDisplayErrorView&categoryId=1334028&top_category=1334028&parent_category_rn=1334028&urlLangId=&categoryType=Wines&fromURL=%2fwebapp%2fwcs%2fstores%2fservlet%2fCatalogSearchResultView%3fstoreId%3d10051%26catalogId%3d10051%26langId%3d-1%26categoryId%3d1334028%26categoryType%3d%26top_category%3d%26parent_category_rn%3d%26sortBy%3d5%26searchSource%3dE%26pageView%3d%26beginIndex%3d45,8.39,000005922
57,Porta Vita Rosato,https://www.finewineandgoodspirits.com/webapp/wcs/stores/servlet/ProductDisplay?catalogId=10051&storeId=10051&productId=1943798&langId=-1&partNumber=000006043prod&errorViewName=ProductDisplayErrorView&categoryId=1334028&top_category=1334028&parent_category_rn=1334028&urlLangId=&categoryType=Wines&fromURL=%2fwebapp%2fwcs%2fstores%2fservlet%2fCatalogSearchResultView%3fstoreId%3d10051%26catalogId%3d10051%26langId%3d-1%26categoryId%3d1334028%26categoryType%3d%26top_category%3d%26parent_category_rn%3d%26sortBy%3d5%26searchSource%3dE%26pageView%3d%26beginIndex%3d45,8.47,000006043
58,Stolichnaya Salted Karamel Vodka 75 Proof,https://www.finewineandgoodspirits.com/webapp/wcs/stores/servlet/ProductDisplay?catalogId=10051&storeId=10051&productId=1943934&langId=-1&partNumber=000006169prod&errorViewName=ProductDisplayErrorView&categoryId=1334028&top_category=1334028&parent_category_rn=1334028&urlLangId=&categoryType=Spirits&fromURL=%2fwebapp%2fwcs%2fstores%2fservlet%2fCatalogSearchResultView%3fstoreId%3d10051%26catalogId%3d10051%26langId%3d-1%26categoryId%3d1334028%26categoryType%3d%26top_category%3d%26parent_category_rn%3d%26sortBy%3d5%26searchSource%3dE%26pageView%3d%26beginIndex%3d0,13.59,000006169
59,Robert Mondavi Winery Merlot Napa Valley,https://www.finewineandgoodspirits.com/webapp/wcs/stores/servlet/ProductDisplay?catalogId=10051&storeId=10051&productId=1944948&langId=-1&partNumber=000007040prod&errorViewName=ProductDisplayErrorView&categoryId=1333936&top_category=25588&parent_category_rn=25588&urlLangId=&variety=Red&categoryType=Wines&fromURL=%2fwebapp%2fwcs%2fstores%2fservlet%2fCatalogSearchResultView%3fstoreId%3d10051%26catalogId%3d10051%26langId%3d-1%26categoryId%3d1333936%26variety%3dRed%26categoryType%3dWines%26top_category%3d%26parent_category_rn%3d%26sortBy%3d5%26searchSource%3dE%26pageView%3d%26beginIndex%3d0,19.99,000007040
60,Anew Riesling Washington State,https://www.finewineandgoodspirits.com/webapp/wcs/stores/servlet/ProductDisplay?catalogId=10051&storeId=10051&productId=1945128&langId=-1&partNumber=000007187prod&errorViewName=ProductDisplayErrorView&categoryId=1334028&top_category=1334028&parent_category_rn=1334028&urlLangId=&categoryType=Wines&fromURL=%2fwebapp%2fwcs%2fstores%2fservlet%2fCatalogSearchResultView%3fstoreId%3d10051%26catalogId%3d10051%26langId%3d-1%26categoryId%3d1334028%26categoryType%3d%26top_category%3d%26parent_category_rn%3d%26sortBy%3d5%26searchSource%3dE%26pageView%3d%26beginIndex%3d0,11.19,000007187
61,Vampire Cabernet Sauvignon California,https://www.finewineandgoodspirits.com/webapp/wcs/stores/servlet/ProductDisplay?catalogId=10051&storeId=10051&productId=1945238&langId=-1&partNumber=000007267prod&errorViewName=ProductDisplayErrorView&categoryId=1334028&top_category=1334028&parent_category_rn=1334028&urlLangId=&categoryType=Wines&fromURL=%2fwebapp%2fwcs%2fstores%2fservlet%2fCatalogSearchResultView%3fstoreId%3d10051%26catalogId%3d10051%26langId%3d-1%26categoryId%3d1334028%26categoryType%3d%26top_category%3d%26parent_category_rn%3d%26sortBy%3d5%26searchSource%3dE%26pageView%3d%26beginIndex%3d45,8.99,000007267
62,Old New England Pumpkin Spice Egg Nog 30 Proof,https://www.finewineandgoodspirits.com/webapp/wcs/stores/servlet/ProductDisplay?catalogId=10051&storeId=10051&productId=1945362&langId=-1&partNumber=000007367prod&errorViewName=ProductDisplayErrorView&categoryId=1334030&top_category=1334028&parent_category_rn=1334028&urlLangId=&categoryType=Spirits&fromURL=%2fwebapp%2fwcs%2fstores%2fservlet%2fCatalogSearchResultView%3fstoreId%3d10051%26catalogId%3d10051%26langId%3d-1%26categoryId%3d1334030%26categoryType%3d%26top_category%3d%26parent_category_rn%3d%26sortBy%3d5%26searchSource%3dE%26pageView%3d%26beginIndex%3d0,6.79,000007367
63,Naked Grape Harvest Red Blend California,https://www.finewineandgoodspirits.com/webapp/wcs/stores/servlet/ProductDisplay?catalogId=10051&storeId=10051&productId=1945518&langId=-1&partNumber=000007483prod&errorViewName=ProductDisplayErrorView&categoryId=1334028&top_category=1334028&parent_category_rn=1334028&urlLangId=&categoryType=Wines&fromURL=%2fwebapp%2fwcs%2fstores%2fservlet%2fCatalogSearchResultView%3fstoreId%3d10051%26catalogId%3d10051%26langId%3d-1%26categoryId%3d1334028%26categoryType%3d%26top_category%3d%26parent_category_rn%3d%26sortBy%3d5%26searchSource%3dE%26pageView%3d%26beginIndex%3d60,12.59,000007483
64,Bodegas Franco Espanolas Tempranillo Crianza Rioja Bordon,https://www.finewineandgoodspirits.com/webapp/wcs/stores/servlet/ProductDisplay?catalogId=10051&storeId=10051&productId=1945654&langId=-1&partNumber=000007588prod&errorViewName=ProductDisplayErrorView&categoryId=1334028&top_category=1334028&parent_category_rn=1334028&urlLangId=&categoryType=Wines&fromURL=%2fwebapp%2fwcs%2fstores%2fservlet%2fCatalogSearchResultView%3fstoreId%3d10051%26catalogId%3d10051%26langId%3d-1%26categoryId%3d1334028%26categoryType%3d%26top_category%3d%26parent_category_rn%3d%26sortBy%3d5%26searchSource%3dE%26pageView%3d%26beginIndex%3d15,8.39,000007588
65,Principato Cabernet Sauvignon Merlot Italy,https://www.finewineandgoodspirits.com/webapp/wcs/stores/servlet/ProductDisplay?catalogId=10051&storeId=10051&productId=1945844&langId=-1&partNumber=000007733prod&errorViewName=ProductDisplayErrorView&categoryId=1334028&top_category=1334028&parent_category_rn=1334028&urlLangId=&categoryType=Wines&fromURL=%2fwebapp%2fwcs%2fstores%2fservlet%2fCatalogSearchResultView%3fstoreId%3d10051%26catalogId%3d10051%26langId%3d-1%26categoryId%3d1334028%26categoryType%3d%26top_category%3d%26parent_category_rn%3d%26sortBy%3d5%26searchSource%3dE%26pageView%3d%26beginIndex%3d45,8.39,000007733
66,Pinnacle Candy Cane Vodka 4x50 ML Pack 70 Proof,https://www.finewineandgoodspirits.com/webapp/wcs/stores/servlet/ProductDisplay?catalogId=10051&storeId=10051&productId=1946306&langId=-1&partNumber=000008092prod&errorViewName=ProductDisplayErrorView&categoryId=1334012&top_category=25208&parent_category_rn=1334010&urlLangId=&variety=Flavored+Vodka&categoryType=Spirits&fromURL=%2fwebapp%2fwcs%2fstores%2fservlet%2fCatalogSearchResultView%3fstoreId%3d10051%26catalogId%3d10051%26langId%3d-1%26categoryId%3d1334012%26variety%3dFlavored%2bVodka%26categoryType%3dSpirits%26top_category%3d%26parent_category_rn%3d%26sortBy%3d5%26searchSource%3dE%26pageView%3d%26beginIndex%3d15,3.99,000008092
67,MacMurray Estate Vineyards Chardonnay Russian River Valley,https://www.finewineandgoodspirits.com/webapp/wcs/stores/servlet/ProductDisplay?catalogId=10051&storeId=10051&productId=1947544&langId=-1&partNumber=000009035prod&errorViewName=ProductDisplayErrorView&categoryId=&top_category=&parent_category_rn=&urlLangId=&categoryType=Wines&fromURL=%2fwebapp%2fwcs%2fstores%2fservlet%2fCatalogSearchResultView%3fstoreId%3d10051%26catalogId%3d10051%26langId%3d-1%26sType%3dSimpleSearch%26resultCatEntryType%3d2%26showResultsPage%3dtrue%26pageSize%3d15%26sortBy%3d5%26searchSource%3dQ%26pageView%3d%26beginIndex%3d0%26searchTerm%3dChardonnay%26SearchKeyWord%3d,15.19,000009035
68,Jacob's Creek Pinot Noir Reserve Australia,https://www.finewineandgoodspirits.com/webapp/wcs/stores/servlet/ProductDisplay?catalogId=10051&storeId=10051&productId=1947712&langId=-1&partNumber=000009174prod&errorViewName=ProductDisplayErrorView&categoryId=1334028&top_category=1334028&parent_category_rn=1334028&urlLangId=&categoryType=Wines&fromURL=%2fwebapp%2fwcs%2fstores%2fservlet%2fCatalogSearchResultView%3fstoreId%3d10051%26catalogId%3d10051%26langId%3d-1%26categoryId%3d1334028%26categoryType%3d%26top_category%3d%26parent_category_rn%3d%26sortBy%3d5%26searchSource%3dE%26pageView%3d%26beginIndex%3d45,7.79,000009174
69,Cune Crianza Rioja,https://www.finewineandgoodspirits.com/webapp/wcs/stores/servlet/ProductDisplay?catalogId=10051&storeId=10051&productId=1948272&langId=-1&partNumber=000009621prod&errorViewName=ProductDisplayErrorView&categoryId=1334028&top_category=1334028&parent_category_rn=1334028&urlLangId=&categoryType=Wines&fromURL=%2fwebapp%2fwcs%2fstores%2fservlet%2fCatalogSearchResultView%3fstoreId%3d10051%26catalogId%3d10051%26langId%3d-1%26categoryId%3d1334028%26categoryType%3d%26top_category%3d%26parent_category_rn%3d%26sortBy%3d5%26searchSource%3dE%26pageView%3d%26beginIndex%3d60,8.39,000009621
70,Francis Ford Coppola Vendetta Cabernet Sauvignon Malbec California,https://www.finewineandgoodspirits.com/webapp/wcs/stores/servlet/ProductDisplay?catalogId=10051&storeId=10051&productId=1948550&langId=-1&partNumber=000009888prod&errorViewName=ProductDisplayErrorView&categoryId=&top_category=&parent_category_rn=&urlLangId=&categoryType=Wines&fromURL=%2fwebapp%2fwcs%2fstores%2fservlet%2fCatalogSearchResultView%3fstoreId%3d10051%26catalogId%3d10051%26langId%3d-1%26sType%3dSimpleSearch%26resultCatEntryType%3d2%26showResultsPage%3dtrue%26pageSize%3d15%26sortBy%3d5%26searchSource%3dQ%26pageView%3d%26beginIndex%3d0%26searchTerm%3dMalbec%26SearchKeyWord%3d,19.19,000009888
71,Ravens Wood Vintners Blend Shiraz California,https://www.finewineandgoodspirits.com/webapp/wcs/stores/servlet/ProductDisplay?catalogId=10051&storeId=10051&productId=1948618&langId=-1&partNumber=000009949prod&errorViewName=ProductDisplayErrorView&categoryId=&top_category=&parent_category_rn=&urlLangId=&categoryType=Wines&fromURL=%2fwebapp%2fwcs%2fstores%2fservlet%2fCatalogSearchResultView%3fstoreId%3d10051%26catalogId%3d10051%26langId%3d-1%26sType%3dSimpleSearch%26resultCatEntryType%3d2%26showResultsPage%3dtrue%26pageSize%3d15%26sortBy%3d5%26searchSource%3dQ%26pageView%3d%26beginIndex%3d0%26searchTerm%3dravenswood%26SearchKeyWord%3d,10.39,000009949
72,Dancing Bull Sauvignon Blanc California,https://www.finewineandgoodspirits.com/webapp/wcs/stores/servlet/ProductDisplay?catalogId=10051&storeId=10051&productId=1948638&langId=-1&partNumber=000009967prod&errorViewName=ProductDisplayErrorView&categoryId=1334028&top_category=1334028&parent_category_rn=1334028&urlLangId=&categoryType=Wines&fromURL=%2fwebapp%2fwcs%2fstores%2fservlet%2fCatalogSearchResultView%3fstoreId%3d10051%26catalogId%3d10051%26langId%3d-1%26categoryId%3d1334028%26categoryType%3d%26top_category%3d%26parent_category_rn%3d%26sortBy%3d5%26searchSource%3dE%26pageView%3d%26beginIndex%3d45,6.59,000009967
73,Recanati Merlot Galilee Israel 2015,https://www.finewineandgoodspirits.com/webapp/wcs/stores/servlet/ProductDisplay?catalogId=10051&storeId=10051&productId=1949430&langId=-1&partNumber=000015375prod&errorViewName=ProductDisplayErrorView&categoryId=1334028&top_category=1334028&parent_category_rn=1334028&urlLangId=&categoryType=Wines&fromURL=%2fwebapp%2fwcs%2fstores%2fservlet%2fCatalogSearchResultView%3fstoreId%3d10051%26catalogId%3d10051%26langId%3d-1%26categoryId%3d1334028%26categoryType%3d%26top_category%3d%26parent_category_rn%3d%26sortBy%3d5%26searchSource%3dE%26pageView%3d%26beginIndex%3d60,11.99,000015375
74,Two Hands Max's Garden Shiraz Heathcote 2015,https://www.finewineandgoodspirits.com/webapp/wcs/stores/servlet/ProductDisplay?catalogId=10051&storeId=10051&productId=1950054&langId=-1&partNumber=000017583prod&errorViewName=ProductDisplayErrorView&categoryId=1334028&top_category=1334028&parent_category_rn=1334028&urlLangId=&categoryType=Wines&fromURL=%2fwebapp%2fwcs%2fstores%2fservlet%2fCatalogSearchResultView%3fstoreId%3d10051%26catalogId%3d10051%26langId%3d-1%26categoryId%3d1334028%26categoryType%3d%26top_category%3d%26parent_category_rn%3d%26sortBy%3d5%26searchSource%3dE%26pageView%3d%26beginIndex%3d45,50.39,000017583
75,Portal del Montsant Bruberry Montsant 2015,https://www.finewineandgoodspirits.com/webapp/wcs/stores/servlet/ProductDisplay?catalogId=10051&storeId=10051&productId=1950214&langId=-1&partNumber=000018172prod&errorViewName=ProductDisplayErrorView&categoryId=1334028&top_category=1334028&parent_category_rn=1334028&urlLangId=&categoryType=Wines&fromURL=%2fwebapp%2fwcs%2fstores%2fservlet%2fCatalogSearchResultView%3fstoreId%3d10051%26catalogId%3d10051%26langId%3d-1%26categoryId%3d1334028%26categoryType%3d%26top_category%3d%26parent_category_rn%3d%26sortBy%3d5%26searchSource%3dE%26pageView%3d%26beginIndex%3d45,19.19,000018172
76,Hacienda del Plata Reflejo Malbec Rose Mendioza 2017,https://www.finewineandgoodspirits.com/webapp/wcs/stores/servlet/ProductDisplay?catalogId=10051&storeId=10051&productId=1950458&langId=-1&partNumber=000019228prod&errorViewName=ProductDisplayErrorView&categoryId=&top_category=&parent_category_rn=&urlLangId=&categoryType=Wines&fromURL=%2fwebapp%2fwcs%2fstores%2fservlet%2fCatalogSearchResultView%3fstoreId%3d10051%26catalogId%3d10051%26langId%3d-1%26sType%3dSimpleSearch%26resultCatEntryType%3d2%26showResultsPage%3dtrue%26pageSize%3d15%26sortBy%3d5%26searchSource%3dQ%26pageView%3d%26beginIndex%3d0%26searchTerm%3dRose%2bWine%26SearchKeyWord%3d,11.19,000019228
77,Lab Rup Escombro 2012,https://www.finewineandgoodspirits.com/webapp/wcs/stores/servlet/ProductDisplay?catalogId=10051&storeId=10051&productId=1950802&langId=-1&partNumber=000021288prod&errorViewName=ProductDisplayErrorView&categoryId=1333952&top_category=25588&parent_category_rn=1333936&urlLangId=&variety=Other+Red+Varietals&categoryType=Wines&fromURL=%2fwebapp%2fwcs%2fstores%2fservlet%2fCatalogSearchResultView%3fstoreId%3d10051%26catalogId%3d10051%26langId%3d-1%26categoryId%3d1333952%26variety%3dOther%2bRed%2bVarietals%26categoryType%3dWines%26top_category%3d%26parent_category_rn%3d%26sortBy%3d5%26searchSource%3dE%26pageView%3d%26beginIndex%3d0,79.99,000021288
78,Larkmead Vineyards Firebelle Napa Valley 2013,https://www.finewineandgoodspirits.com/webapp/wcs/stores/servlet/ProductDisplay?catalogId=10051&storeId=10051&productId=1950986&langId=-1&partNumber=000022070prod&errorViewName=ProductDisplayErrorView&categoryId=1334028&top_category=1334028&parent_category_rn=1334028&urlLangId=&categoryType=Wines&fromURL=%2fwebapp%2fwcs%2fstores%2fservlet%2fCatalogSearchResultView%3fstoreId%3d10051%26catalogId%3d10051%26langId%3d-1%26categoryId%3d1334028%26categoryType%3d%26top_category%3d%26parent_category_rn%3d%26sortBy%3d5%26searchSource%3dE%26pageView%3d%26beginIndex%3d0,131.99,000022070
79,Novelty Hill Roussanne Columbia Valley Stillwater Creek Vineyard 2015,https://www.finewineandgoodspirits.com/webapp/wcs/stores/servlet/ProductDisplay?catalogId=10051&storeId=10051&productId=1951198&langId=-1&partNumber=000024049prod&errorViewName=ProductDisplayErrorView&categoryId=1334028&top_category=1334028&parent_category_rn=1334028&urlLangId=&categoryType=Wines&fromURL=%2fwebapp%2fwcs%2fstores%2fservlet%2fCatalogSearchResultView%3fstoreId%3d10051%26catalogId%3d10051%26langId%3d-1%26categoryId%3d1334028%26categoryType%3d%26top_category%3d%26parent_category_rn%3d%26sortBy%3d5%26searchSource%3dE%26pageView%3d%26beginIndex%3d45,18.39,000024049
80,Keenan Chardonnay Spring Mountain District 2014,https://www.finewineandgoodspirits.com/webapp/wcs/stores/servlet/ProductDisplay?catalogId=10051&storeId=10051&productId=1952734&langId=-1&partNumber=000032043prod&errorViewName=ProductDisplayErrorView&categoryId=1334028&top_category=1334028&parent_category_rn=1334028&urlLangId=&categoryType=Wines&fromURL=%2fwebapp%2fwcs%2fstores%2fservlet%2fCatalogSearchResultView%3fstoreId%3d10051%26catalogId%3d10051%26langId%3d-1%26categoryId%3d1334028%26categoryType%3d%26top_category%3d%26parent_category_rn%3d%26sortBy%3d5%26searchSource%3dE%26pageView%3d%26beginIndex%3d75,22.39,000032043
81,Kracher Weinlaubenhof Kollektion Nummer 2 Rosenmuskateller Trcknbr Auslese 2011,https://www.finewineandgoodspirits.com/webapp/wcs/stores/servlet/ProductDisplay?catalogId=10051&storeId=10051&productId=1953728&langId=-1&partNumber=000034169prod&errorViewName=ProductDisplayErrorView&categoryId=1334028&top_category=1334028&parent_category_rn=1334028&urlLangId=&categoryType=Wines&fromURL=%2fwebapp%2fwcs%2fstores%2fservlet%2fCatalogSearchResultView%3fstoreId%3d10051%26catalogId%3d10051%26langId%3d-1%26categoryId%3d1334028%26categoryType%3d%26top_category%3d%26parent_category_rn%3d%26sortBy%3d5%26searchSource%3dE%26pageView%3d%26beginIndex%3d45,48.99,000034169
82,Domaine de Cascavel Ventoux Rhone Cuvee Leonor 2015,https://www.finewineandgoodspirits.com/webapp/wcs/stores/servlet/ProductDisplay?catalogId=10051&storeId=10051&productId=1955056&langId=-1&partNumber=000034955prod&errorViewName=ProductDisplayErrorView&categoryId=1334028&top_category=1334028&parent_category_rn=1334028&urlLangId=&categoryType=Wines&fromURL=%2fwebapp%2fwcs%2fstores%2fservlet%2fCatalogSearchResultView%3fstoreId%3d10051%26catalogId%3d10051%26langId%3d-1%26categoryId%3d1334028%26categoryType%3d%26top_category%3d%26parent_category_rn%3d%26sortBy%3d5%26searchSource%3dE%26pageView%3d%26beginIndex%3d45,21.59,000034955
83,Our Daily Rose Terre di Chieti 2016,https://www.finewineandgoodspirits.com/webapp/wcs/stores/servlet/ProductDisplay?catalogId=10051&storeId=10051&productId=1956570&langId=-1&partNumber=000037704prod&errorViewName=ProductDisplayErrorView&categoryId=1334028&top_category=1334028&parent_category_rn=1334028&urlLangId=&categoryType=Wines&fromURL=%2fwebapp%2fwcs%2fstores%2fservlet%2fCatalogSearchResultView%3fstoreId%3d10051%26catalogId%3d10051%26langId%3d-1%26categoryId%3d1334028%26categoryType%3d%26top_category%3d%26parent_category_rn%3d%26sortBy%3d5%26searchSource%3dE%26pageView%3d%26beginIndex%3d75,7.99,000037704
84,Quinta de Covela Vinho Verde Edicao Nacional 2014,https://www.finewineandgoodspirits.com/webapp/wcs/stores/servlet/ProductDisplay?catalogId=10051&storeId=10051&productId=1960002&langId=-1&partNumber=000044034prod&errorViewName=ProductDisplayErrorView&categoryId=1334028&top_category=1334028&parent_category_rn=1334028&urlLangId=&categoryType=Wines&fromURL=%2fwebapp%2fwcs%2fstores%2fservlet%2fCatalogSearchResultView%3fstoreId%3d10051%26catalogId%3d10051%26langId%3d-1%26categoryId%3d1334028%26categoryType%3d%26top_category%3d%26parent_category_rn%3d%26sortBy%3d5%26searchSource%3dE%26pageView%3d%26beginIndex%3d75,8.99,000044034
85,Majestik Syrah Kalecik Karasi Turkey 2013,https://www.finewineandgoodspirits.com/webapp/wcs/stores/servlet/ProductDisplay?catalogId=10051&storeId=10051&productId=1963808&langId=-1&partNumber=000047506prod&errorViewName=ProductDisplayErrorView&categoryId=1334028&top_category=1334028&parent_category_rn=1334028&urlLangId=&categoryType=Wines&fromURL=%2fwebapp%2fwcs%2fstores%2fservlet%2fCatalogSearchResultView%3fstoreId%3d10051%26catalogId%3d10051%26langId%3d-1%26categoryId%3d1334028%26categoryType%3d%26top_category%3d%26parent_category_rn%3d%26sortBy%3d5%26searchSource%3dE%26pageView%3d%26beginIndex%3d75,6.99,000047506
86,De Trafford Chenin Blanc Straw Wine 2012,https://www.finewineandgoodspirits.com/webapp/wcs/stores/servlet/ProductDisplay?catalogId=10051&storeId=10051&productId=1965932&langId=-1&partNumber=000049422prod&errorViewName=ProductDisplayErrorView&categoryId=1334028&top_category=1334028&parent_category_rn=1334028&urlLangId=&categoryType=Wines&fromURL=%2fwebapp%2fwcs%2fstores%2fservlet%2fCatalogSearchResultView%3fstoreId%3d10051%26catalogId%3d10051%26langId%3d-1%26categoryId%3d1334028%26categoryType%3d%26top_category%3d%26parent_category_rn%3d%26sortBy%3d5%26searchSource%3dE%26pageView%3d%26beginIndex%3d75,19.99,000049422
87,Salmon Run Lakehouse White Finger Lakes NV,https://www.finewineandgoodspirits.com/webapp/wcs/stores/servlet/ProductDisplay?catalogId=10051&storeId=10051&productId=1968606&langId=-1&partNumber=000073234prod&errorViewName=ProductDisplayErrorView&categoryId=1334028&top_category=1334028&parent_category_rn=1334028&urlLangId=&categoryType=Wines&fromURL=%2fwebapp%2fwcs%2fstores%2fservlet%2fCatalogSearchResultView%3fstoreId%3d10051%26catalogId%3d10051%26langId%3d-1%26categoryId%3d1334028%26categoryType%3d%26top_category%3d%26parent_category_rn%3d%26sortBy%3d5%26searchSource%3dE%26pageView%3d%26beginIndex%3d45,10.39,000073234
88,Bodegas Taron 4M Rioja 2015,https://www.finewineandgoodspirits.com/webapp/wcs/stores/servlet/ProductDisplay?catalogId=10051&storeId=10051&productId=1974476&langId=-1&partNumber=000037725prod&errorViewName=ProductDisplayErrorView&categoryId=1334028&top_category=1334028&parent_category_rn=1334028&urlLangId=&categoryType=Wines&fromURL=%2fwebapp%2fwcs%2fstores%2fservlet%2fCatalogSearchResultView%3fstoreId%3d10051%26catalogId%3d10051%26langId%3d-1%26categoryId%3d1334028%26categoryType%3d%26top_category%3d%26parent_category_rn%3d%26sortBy%3d5%26searchSource%3dE%26pageView%3d%26beginIndex%3d15,9.59,000037725
89,Wines of Illyria Vranac 2012,https://www.finewineandgoodspirits.com/webapp/wcs/stores/servlet/ProductDisplay?catalogId=10051&storeId=10051&productId=1981970&langId=-1&partNumber=000037751prod&errorViewName=ProductDisplayErrorView&categoryId=1334028&top_category=1334028&parent_category_rn=1334028&urlLangId=&categoryType=Wines&fromURL=%2fwebapp%2fwcs%2fstores%2fservlet%2fCatalogSearchResultView%3fstoreId%3d10051%26catalogId%3d10051%26langId%3d-1%26categoryId%3d1334028%26categoryType%3d%26top_category%3d%26parent_category_rn%3d%26sortBy%3d5%26searchSource%3dE%26pageView%3d%26beginIndex%3d45,13.59,000037751
90,Lumen Pinot Noir Santa Maria Valley 2015,https://www.finewineandgoodspirits.com/webapp/wcs/stores/servlet/ProductDisplay?catalogId=10051&storeId=10051&productId=1982020&langId=-1&partNumber=000044760prod&errorViewName=ProductDisplayErrorView&categoryId=1334028&top_category=1334028&parent_category_rn=1334028&urlLangId=&categoryType=Wines&fromURL=%2fwebapp%2fwcs%2fstores%2fservlet%2fCatalogSearchResultView%3fstoreId%3d10051%26catalogId%3d10051%26langId%3d-1%26categoryId%3d1334028%26categoryType%3d%26top_category%3d%26parent_category_rn%3d%26sortBy%3d5%26searchSource%3dE%26pageView%3d%26beginIndex%3d90,19.99,000044760
91,Estampa Fina Reserva Carmenere Syrah Cabernet Colchagua Valley 2014,https://www.finewineandgoodspirits.com/webapp/wcs/stores/servlet/ProductDisplay?catalogId=10051&storeId=10051&productId=1982022&langId=-1&partNumber=000044763prod&errorViewName=ProductDisplayErrorView&categoryId=1334028&top_category=1334028&parent_category_rn=1334028&urlLangId=&categoryType=Wines&fromURL=%2fwebapp%2fwcs%2fstores%2fservlet%2fCatalogSearchResultView%3fstoreId%3d10051%26catalogId%3d10051%26langId%3d-1%26categoryId%3d1334028%26categoryType%3d%26top_category%3d%26parent_category_rn%3d%26sortBy%3d5%26searchSource%3dE%26pageView%3d%26beginIndex%3d90,12.79,000044763
92,Estampa Viognier Chardonnay Colchauga Valley Reserva 2016,https://www.finewineandgoodspirits.com/webapp/wcs/stores/servlet/ProductDisplay?catalogId=10051&storeId=10051&productId=1982970&langId=-1&partNumber=000044762prod&errorViewName=ProductDisplayErrorView&categoryId=1334028&top_category=1334028&parent_category_rn=1334028&urlLangId=&categoryType=Wines&fromURL=%2fwebapp%2fwcs%2fstores%2fservlet%2fCatalogSearchResultView%3fstoreId%3d10051%26catalogId%3d10051%26langId%3d-1%26categoryId%3d1334028%26categoryType%3d%26top_category%3d%26parent_category_rn%3d%26sortBy%3d5%26searchSource%3dE%26pageView%3d%26beginIndex%3d90,11.19,000044762
93,Amalia Brut Rose NV,https://www.finewineandgoodspirits.com/webapp/wcs/stores/servlet/ProductDisplay?catalogId=10051&storeId=10051&productId=1991054&langId=-1&partNumber=000037877prod&errorViewName=ProductDisplayErrorView&categoryId=1334028&top_category=1334028&parent_category_rn=1334028&urlLangId=&categoryType=Wines&fromURL=%2fwebapp%2fwcs%2fstores%2fservlet%2fCatalogSearchResultView%3fstoreId%3d10051%26catalogId%3d10051%26langId%3d-1%26categoryId%3d1334028%26categoryType%3d%26top_category%3d%26parent_category_rn%3d%26sortBy%3d5%26searchSource%3dE%26pageView%3d%26beginIndex%3d90,29.59,000037877
94,Terra Vega Rose Central Valley Kosher Mevushal 2017,https://www.finewineandgoodspirits.com/webapp/wcs/stores/servlet/ProductDisplay?catalogId=10051&storeId=10051&productId=1991268&langId=-1&partNumber=000044927prod&errorViewName=ProductDisplayErrorView&categoryId=1334028&top_category=1334028&parent_category_rn=1334028&urlLangId=&categoryType=Wines&fromURL=%2fwebapp%2fwcs%2fstores%2fservlet%2fCatalogSearchResultView%3fstoreId%3d10051%26catalogId%3d10051%26langId%3d-1%26categoryId%3d1334028%26categoryType%3d%26top_category%3d%26parent_category_rn%3d%26sortBy%3d5%26searchSource%3dE%26pageView%3d%26beginIndex%3d90,7.99,000044927
95,Bartenura Malvasia del Salento 2015,https://www.finewineandgoodspirits.com/webapp/wcs/stores/servlet/ProductDisplay?catalogId=10051&storeId=10051&productId=1993024&langId=-1&partNumber=000037974prod&errorViewName=ProductDisplayErrorView&categoryId=1334028&top_category=1334028&parent_category_rn=1334028&urlLangId=&categoryType=Wines&fromURL=%2fwebapp%2fwcs%2fstores%2fservlet%2fCatalogSearchResultView%3fstoreId%3d10051%26catalogId%3d10051%26langId%3d-1%26categoryId%3d1334028%26categoryType%3d%26top_category%3d%26parent_category_rn%3d%26sortBy%3d5%26searchSource%3dE%26pageView%3d%26beginIndex%3d0,13.59,000037974
96,Di Saronno Wears Trussardi 50ML Pack,https://www.finewineandgoodspirits.com/webapp/wcs/stores/servlet/ProductDisplay?catalogId=10051&storeId=10051&productId=1996032&langId=-1&partNumber=000002347prod&errorViewName=ProductDisplayErrorView&categoryId=1334028&top_category=1334028&parent_category_rn=1334028&urlLangId=&categoryType=Spirits&fromURL=%2fwebapp%2fwcs%2fstores%2fservlet%2fCatalogSearchResultView%3fstoreId%3d10051%26catalogId%3d10051%26langId%3d-1%26categoryId%3d1334028%26categoryType%3d%26top_category%3d%26parent_category_rn%3d%26sortBy%3d5%26searchSource%3dE%26pageView%3d%26beginIndex%3d90,7.99,000002347
97,Ole Smoky Mountain Java Moonshine 35 Proof,https://www.finewineandgoodspirits.com/webapp/wcs/stores/servlet/ProductDisplay?catalogId=10051&storeId=10051&productId=1996034&langId=-1&partNumber=000002348prod&errorViewName=ProductDisplayErrorView&categoryId=1334030&top_category=1334028&parent_category_rn=1334028&urlLangId=&categoryType=Spirits&fromURL=%2fwebapp%2fwcs%2fstores%2fservlet%2fCatalogSearchResultView%3fstoreId%3d10051%26catalogId%3d10051%26langId%3d-1%26categoryId%3d1334030%26categoryType%3d%26top_category%3d%26parent_category_rn%3d%26sortBy%3d5%26searchSource%3dE%26pageView%3d%26beginIndex%3d0,15.99,000002348
98,Digby Fine English Brut NV,https://www.finewineandgoodspirits.com/webapp/wcs/stores/servlet/ProductDisplay?catalogId=10051&storeId=10051&productId=1996078&langId=-1&partNumber=000043934prod&errorViewName=ProductDisplayErrorView&categoryId=1334028&top_category=1334028&parent_category_rn=1334028&urlLangId=&categoryType=Wines&fromURL=%2fwebapp%2fwcs%2fstores%2fservlet%2fCatalogSearchResultView%3fstoreId%3d10051%26catalogId%3d10051%26langId%3d-1%26categoryId%3d1334028%26categoryType%3d%26top_category%3d%26parent_category_rn%3d%26sortBy%3d5%26searchSource%3dE%26pageView%3d%26beginIndex%3d0,39.99,000043934
99,Sagelands Dark Shadow Cabernet Sauvignon Columbia Valley 2015,https://www.finewineandgoodspirits.com/webapp/wcs/stores/servlet/ProductDisplay?catalogId=10051&storeId=10051&productId=1999024&langId=-1&partNumber=000019661prod&errorViewName=ProductDisplayErrorView&categoryId=1334028&top_category=1334028&parent_category_rn=1334028&urlLangId=&categoryType=Wines&fromURL=%2fwebapp%2fwcs%2fstores%2fservlet%2fCatalogSearchResultView%3fstoreId%3d10051%26catalogId%3d10051%26langId%3d-1%26categoryId%3d1334028%26categoryType%3d%26top_category%3d%26parent_category_rn%3d%26sortBy%3d5%26searchSource%3dE%26pageView%3d%26beginIndex%3d90,10.39,000019661
100,Ciroc French Vanilla Vodka 75 Proof,https://www.finewineandgoodspirits.com/webapp/wcs/stores/servlet/ProductDisplay?catalogId=10051&storeId=10051&productId=2001032&langId=-1&partNumber=000002385prod&errorViewName=ProductDisplayErrorView&categoryId=1334030&top_category=1334028&parent_category_rn=1334028&urlLangId=&categoryType=Spirits&fromURL=%2fwebapp%2fwcs%2fstores%2fservlet%2fCatalogSearchResultView%3fstoreId%3d10051%26catalogId%3d10051%26langId%3d-1%26categoryId%3d1334030%26categoryType%3d%26top_category%3d%26parent_category_rn%3d%26sortBy%3d5%26searchSource%3dE%26pageView%3d%26beginIndex%3d180,27.99,000002385
101,Ken Forrester Petit Pinotage Stellenbosch 2016,https://www.finewineandgoodspirits.com/webapp/wcs/stores/servlet/ProductDisplay?catalogId=10051&storeId=10051&productId=2005040&langId=-1&partNumber=000047519prod&errorViewName=ProductDisplayErrorView&categoryId=1334028&top_category=1334028&parent_category_rn=1334028&urlLangId=&categoryType=Wines&fromURL=%2fwebapp%2fwcs%2fstores%2fservlet%2fCatalogSearchResultView%3fstoreId%3d10051%26catalogId%3d10051%26langId%3d-1%26categoryId%3d1334028%26categoryType%3d%26top_category%3d%26parent_category_rn%3d%26sortBy%3d5%26searchSource%3dE%26pageView%3d%26beginIndex%3d90,10.39,000047519
102,Ken Forrester Petit Cabernet Sauvignon Stellenbosch 2014,https://www.finewineandgoodspirits.com/webapp/wcs/stores/servlet/ProductDisplay?catalogId=10051&storeId=10051&productId=2005042&langId=-1&partNumber=000047520prod&errorViewName=ProductDisplayErrorView&categoryId=1334028&top_category=1334028&parent_category_rn=1334028&urlLangId=&categoryType=Wines&fromURL=%2fwebapp%2fwcs%2fstores%2fservlet%2fCatalogSearchResultView%3fstoreId%3d10051%26catalogId%3d10051%26langId%3d-1%26categoryId%3d1334028%26categoryType%3d%26top_category%3d%26parent_category_rn%3d%26sortBy%3d5%26searchSource%3dE%26pageView%3d%26beginIndex%3d90,10.39,000047520
103,Bellingham Old Orchard Chenin Blanc 2016,https://www.finewineandgoodspirits.com/webapp/wcs/stores/servlet/ProductDisplay?catalogId=10051&storeId=10051&productId=2005046&langId=-1&partNumber=000047522prod&errorViewName=ProductDisplayErrorView&categoryId=1334028&top_category=1334028&parent_category_rn=1334028&urlLangId=&categoryType=Wines&fromURL=%2fwebapp%2fwcs%2fstores%2fservlet%2fCatalogSearchResultView%3fstoreId%3d10051%26catalogId%3d10051%26langId%3d-1%26categoryId%3d1334028%26categoryType%3d%26top_category%3d%26parent_category_rn%3d%26sortBy%3d5%26searchSource%3dE%26pageView%3d%26beginIndex%3d90,13.59,000047522
104,Bols Pomegranate Liqueur 34 Proof,https://www.finewineandgoodspirits.com/webapp/wcs/stores/servlet/ProductDisplay?catalogId=10051&storeId=10051&productId=2008522&langId=-1&partNumber=000002239prod&errorViewName=ProductDisplayErrorView&categoryId=1334030&top_category=1334028&parent_category_rn=1334028&urlLangId=&categoryType=Spirits&fromURL=%2fwebapp%2fwcs%2fstores%2fservlet%2fCatalogSearchResultView%3fstoreId%3d10051%26catalogId%3d10051%26langId%3d-1%26categoryId%3d1334030%26categoryType%3d%26top_category%3d%26parent_category_rn%3d%26sortBy%3d5%26searchSource%3dE%26pageView%3d%26beginIndex%3d0,7.79,000002239
105,Vina Alicia Tiara Lujan de Cuyo 2016,https://www.finewineandgoodspirits.com/webapp/wcs/stores/servlet/ProductDisplay?catalogId=10051&storeId=10051&productId=2008566&langId=-1&partNumber=000045299prod&errorViewName=ProductDisplayErrorView&categoryId=1334028&top_category=1334028&parent_category_rn=1334028&urlLangId=&categoryType=Wines&fromURL=%2fwebapp%2fwcs%2fstores%2fservlet%2fCatalogSearchResultView%3fstoreId%3d10051%26catalogId%3d10051%26langId%3d-1%26categoryId%3d1334028%26categoryType%3d%26top_category%3d%26parent_category_rn%3d%26sortBy%3d5%26searchSource%3dE%26pageView%3d%26beginIndex%3d105,23.99,000045299
106,A to Z Wineworks Rose Oregon 2016,https://www.finewineandgoodspirits.com/webapp/wcs/stores/servlet/ProductDisplay?catalogId=10051&storeId=10051&productId=2008594&langId=-1&partNumber=000045469prod&errorViewName=ProductDisplayErrorView&categoryId=&top_category=&parent_category_rn=&urlLangId=&categoryType=Wines&fromURL=%2fwebapp%2fwcs%2fstores%2fservlet%2fCatalogSearchResultView%3fstoreId%3d10051%26catalogId%3d10051%26langId%3d-1%26sType%3dSimpleSearch%26resultCatEntryType%3d2%26showResultsPage%3dtrue%26pageSize%3d15%26sortBy%3d5%26searchSource%3dQ%26pageView%3d%26beginIndex%3d0%26searchTerm%3dRose%2bWine%26SearchKeyWord%3d,11.99,000045469
107,Bodega Akutain Cosecha 2015 Rioja,https://www.finewineandgoodspirits.com/webapp/wcs/stores/servlet/ProductDisplay?catalogId=10051&storeId=10051&productId=2009592&langId=-1&partNumber=000047471prod&errorViewName=ProductDisplayErrorView&categoryId=1334028&top_category=1334028&parent_category_rn=1334028&urlLangId=&categoryType=Wines&fromURL=%2fwebapp%2fwcs%2fstores%2fservlet%2fCatalogSearchResultView%3fstoreId%3d10051%26catalogId%3d10051%26langId%3d-1%26categoryId%3d1334028%26categoryType%3d%26top_category%3d%26parent_category_rn%3d%26sortBy%3d5%26searchSource%3dE%26pageView%3d%26beginIndex%3d105,19.99,000047471
108,GIFFT by Kathie Lee Gifford Pinot Grigio Monterey County,https://www.finewineandgoodspirits.com/webapp/wcs/stores/servlet/ProductDisplay?catalogId=10051&storeId=10051&productId=2014568&langId=-1&partNumber=000002424prod&errorViewName=ProductDisplayErrorView&categoryId=1334028&top_category=1334028&parent_category_rn=1334028&urlLangId=&categoryType=Wines&fromURL=%2fwebapp%2fwcs%2fstores%2fservlet%2fCatalogSearchResultView%3fstoreId%3d10051%26catalogId%3d10051%26langId%3d-1%26categoryId%3d1334028%26categoryType%3d%26top_category%3d%26parent_category_rn%3d%26sortBy%3d5%26searchSource%3dE%26pageView%3d%26beginIndex%3d105,10.39,000002424
109,Breckenridge Spiced Whiskey 82 Proof,https://www.finewineandgoodspirits.com/webapp/wcs/stores/servlet/ProductDisplay?catalogId=10051&storeId=10051&productId=2018568&langId=-1&partNumber=000002374prod&errorViewName=ProductDisplayErrorView&categoryId=1334030&top_category=1334028&parent_category_rn=1334028&urlLangId=&categoryType=Spirits&fromURL=%2fwebapp%2fwcs%2fstores%2fservlet%2fCatalogSearchResultView%3fstoreId%3d10051%26catalogId%3d10051%26langId%3d-1%26categoryId%3d1334030%26categoryType%3d%26top_category%3d%26parent_category_rn%3d%26sortBy%3d5%26searchSource%3dE%26pageView%3d%26beginIndex%3d0,39.99,000002374
110,Born and Bred Vodka 80 Proof,https://www.finewineandgoodspirits.com/webapp/wcs/stores/servlet/ProductDisplay?catalogId=10051&storeId=10051&productId=2025106&langId=-1&partNumber=000049159prod&errorViewName=ProductDisplayErrorView&categoryId=1334028&top_category=1334028&parent_category_rn=1334028&urlLangId=&categoryType=Spirits&fromURL=%2fwebapp%2fwcs%2fstores%2fservlet%2fCatalogSearchResultView%3fstoreId%3d10051%26catalogId%3d10051%26langId%3d-1%26categoryId%3d1334028%26categoryType%3d%26top_category%3d%26parent_category_rn%3d%26sortBy%3d5%26searchSource%3dE%26pageView%3d%26beginIndex%3d90,19.99,000049159
111,Ciroc French Vanilla Vodka 75 Proof,https://www.finewineandgoodspirits.com/webapp/wcs/stores/servlet/ProductDisplay?catalogId=10051&storeId=10051&productId=2026102&langId=-1&partNumber=000002386prod&errorViewName=ProductDisplayErrorView&categoryId=1334010&top_category=25208&parent_category_rn=25208&urlLangId=&variety=Vodkas&categoryType=Spirits&fromURL=%2fwebapp%2fwcs%2fstores%2fservlet%2fCatalogSearchResultView%3fstoreId%3d10051%26catalogId%3d10051%26langId%3d-1%26categoryId%3d1334010%26variety%3dVodkas%26categoryType%3dSpirits%26top_category%3d%26parent_category_rn%3d%26sortBy%3d5%26searchSource%3dE%26pageView%3d%26beginIndex%3d15,15.99,000002386
112,Dusted Valley Chardonnay Yakima Valley Olsen Vineyard 2015,https://www.finewineandgoodspirits.com/webapp/wcs/stores/servlet/ProductDisplay?catalogId=10051&storeId=10051&productId=2033566&langId=-1&partNumber=000045489prod&errorViewName=ProductDisplayErrorView&categoryId=1334028&top_category=1334028&parent_category_rn=1334028&urlLangId=&categoryType=Wines&fromURL=%2fwebapp%2fwcs%2fstores%2fservlet%2fCatalogSearchResultView%3fstoreId%3d10051%26catalogId%3d10051%26langId%3d-1%26categoryId%3d1334028%26categoryType%3d%26top_category%3d%26parent_category_rn%3d%26sortBy%3d5%26searchSource%3dE%26pageView%3d%26beginIndex%3d105,27.99,000045489
113,Robert Mondavi Winery Cabernet Sauvignon Reserve To Kalon 2013,https://www.finewineandgoodspirits.com/webapp/wcs/stores/servlet/ProductDisplay?catalogId=10051&storeId=10051&productId=2049114&langId=-1&partNumber=000049099prod&errorViewName=ProductDisplayErrorView&categoryId=1334028&top_category=1334028&parent_category_rn=1334028&urlLangId=&categoryType=Wines&fromURL=%2fwebapp%2fwcs%2fstores%2fservlet%2fCatalogSearchResultView%3fstoreId%3d10051%26catalogId%3d10051%26langId%3d-1%26categoryId%3d1334028%26categoryType%3d%26top_category%3d%26parent_category_rn%3d%26sortBy%3d5%26searchSource%3dE%26pageView%3d%26beginIndex%3d105,111.99,000049099
114,Fat Monk Chardonnay Central Coast 2014,https://www.finewineandgoodspirits.com/webapp/wcs/stores/servlet/ProductDisplay?catalogId=10051&storeId=10051&productId=2061166&langId=-1&partNumber=000073359prod&errorViewName=ProductDisplayErrorView&categoryId=1334028&top_category=1334028&parent_category_rn=1334028&urlLangId=&categoryType=Wines&fromURL=%2fwebapp%2fwcs%2fstores%2fservlet%2fCatalogSearchResultView%3fstoreId%3d10051%26catalogId%3d10051%26langId%3d-1%26categoryId%3d1334028%26categoryType%3d%26top_category%3d%26parent_category_rn%3d%26sortBy%3d5%26searchSource%3dE%26pageView%3d%26beginIndex%3d105,10.39,000073359
115,The Rule Cabernet Sauvignon North Coast 2015,https://www.finewineandgoodspirits.com/webapp/wcs/stores/servlet/ProductDisplay?catalogId=10051&storeId=10051&productId=2062664&langId=-1&partNumber=000049819prod&errorViewName=ProductDisplayErrorView&categoryId=1334028&top_category=1334028&parent_category_rn=1334028&urlLangId=&categoryType=Wines&fromURL=%2fwebapp%2fwcs%2fstores%2fservlet%2fCatalogSearchResultView%3fstoreId%3d10051%26catalogId%3d10051%26langId%3d-1%26categoryId%3d1334028%26categoryType%3d%26top_category%3d%26parent_category_rn%3d%26sortBy%3d5%26searchSource%3dE%26pageView%3d%26beginIndex%3d105,15.99,000049819
116,Convento de Oreja Ribera del Duero Crianza 2014,https://www.finewineandgoodspirits.com/webapp/wcs/stores/servlet/ProductDisplay?catalogId=10051&storeId=10051&productId=2066676&langId=-1&partNumber=000073548prod&errorViewName=ProductDisplayErrorView&categoryId=1334028&top_category=1334028&parent_category_rn=1334028&urlLangId=&categoryType=Wines&fromURL=%2fwebapp%2fwcs%2fstores%2fservlet%2fCatalogSearchResultView%3fstoreId%3d10051%26catalogId%3d10051%26langId%3d-1%26categoryId%3d1334028%26categoryType%3d%26top_category%3d%26parent_category_rn%3d%26sortBy%3d5%26searchSource%3dE%26pageView%3d%26beginIndex%3d90,20.79,000073548
117,D Ventura Vina Caneiro Mencia Ribeira Sacra 2015,https://www.finewineandgoodspirits.com/webapp/wcs/stores/servlet/ProductDisplay?catalogId=10051&storeId=10051&productId=2066678&langId=-1&partNumber=000073569prod&errorViewName=ProductDisplayErrorView&categoryId=1334028&top_category=1334028&parent_category_rn=1334028&urlLangId=&categoryType=Wines&fromURL=%2fwebapp%2fwcs%2fstores%2fservlet%2fCatalogSearchResultView%3fstoreId%3d10051%26catalogId%3d10051%26langId%3d-1%26categoryId%3d1334028%26categoryType%3d%26top_category%3d%26parent_category_rn%3d%26sortBy%3d5%26searchSource%3dE%26pageView%3d%26beginIndex%3d90,20.79,000073569
118,Principe de Viana Graciano Roble Navarra 2016,https://www.finewineandgoodspirits.com/webapp/wcs/stores/servlet/ProductDisplay?catalogId=10051&storeId=10051&productId=2067684&langId=-1&partNumber=000073571prod&errorViewName=ProductDisplayErrorView&categoryId=1334029&top_category=1334028&parent_category_rn=1334028&urlLangId=&categoryType=Wines&fromURL=%2fwebapp%2fwcs%2fstores%2fservlet%2fCatalogSearchResultView%3fstoreId%3d10051%26catalogId%3d10051%26langId%3d-1%26categoryId%3d1334029%26categoryType%3d%26top_category%3d%26parent_category_rn%3d%26sortBy%3d5%26searchSource%3dE%26pageView%3d%26beginIndex%3d15,9.59,000073571
119,Foz de Arouce Baga 2012,https://www.finewineandgoodspirits.com/webapp/wcs/stores/servlet/ProductDisplay?catalogId=10051&storeId=10051&productId=2067688&langId=-1&partNumber=000073576prod&errorViewName=ProductDisplayErrorView&categoryId=1334028&top_category=1334028&parent_category_rn=1334028&urlLangId=&categoryType=Wines&fromURL=%2fwebapp%2fwcs%2fstores%2fservlet%2fCatalogSearchResultView%3fstoreId%3d10051%26catalogId%3d10051%26langId%3d-1%26categoryId%3d1334028%26categoryType%3d%26top_category%3d%26parent_category_rn%3d%26sortBy%3d5%26searchSource%3dE%26pageView%3d%26beginIndex%3d105,15.99,000073576
120,Martell Cognac VS 80 Proof,https://www.finewineandgoodspirits.com/webapp/wcs/stores/servlet/ProductDisplay?catalogId=10051&storeId=10051&productId=2102766&langId=-1&partNumber=000002466prod&errorViewName=ProductDisplayErrorView&categoryId=1334028&top_category=1334028&parent_category_rn=1334028&urlLangId=&categoryType=Spirits&fromURL=%2fwebapp%2fwcs%2fstores%2fservlet%2fCatalogSearchResultView%3fstoreId%3d10051%26catalogId%3d10051%26langId%3d-1%26categoryId%3d1334028%26categoryType%3d%26top_category%3d%26parent_category_rn%3d%26sortBy%3d5%26searchSource%3dE%26pageView%3d%26beginIndex%3d120,1.99,000002466
121,Kings Ridge Pinot Gris Willamette Valley 2016,https://www.finewineandgoodspirits.com/webapp/wcs/stores/servlet/ProductDisplay?catalogId=10051&storeId=10051&productId=2104280&langId=-1&partNumber=000073859prod&errorViewName=ProductDisplayErrorView&categoryId=1334028&top_category=1334028&parent_category_rn=1334028&urlLangId=&categoryType=Wines&fromURL=%2fwebapp%2fwcs%2fstores%2fservlet%2fCatalogSearchResultView%3fstoreId%3d10051%26catalogId%3d10051%26langId%3d-1%26categoryId%3d1334028%26categoryType%3d%26top_category%3d%26parent_category_rn%3d%26sortBy%3d5%26searchSource%3dE%26pageView%3d%26beginIndex%3d90,12.79,000073859
122,Emblem Chardonnay Sonoma Coast 2016,https://www.finewineandgoodspirits.com/webapp/wcs/stores/servlet/ProductDisplay?catalogId=10051&storeId=10051&productId=2112778&langId=-1&partNumber=000073987prod&errorViewName=ProductDisplayErrorView&categoryId=1334028&top_category=1334028&parent_category_rn=1334028&urlLangId=&categoryType=Wines&fromURL=%2fwebapp%2fwcs%2fstores%2fservlet%2fCatalogSearchResultView%3fstoreId%3d10051%26catalogId%3d10051%26langId%3d-1%26categoryId%3d1334028%26categoryType%3d%26top_category%3d%26parent_category_rn%3d%26sortBy%3d5%26searchSource%3dE%26pageView%3d%26beginIndex%3d90,27.99,000073987
123,Dark Horse Rose California 3L,https://www.finewineandgoodspirits.com/webapp/wcs/stores/servlet/ProductDisplay?catalogId=10051&storeId=10051&productId=2129826&langId=-1&partNumber=000002514prod&errorViewName=ProductDisplayErrorView&categoryId=&top_category=&parent_category_rn=&urlLangId=&categoryType=Wines&fromURL=%2fwebapp%2fwcs%2fstores%2fservlet%2fCatalogSearchResultView%3fstoreId%3d10051%26catalogId%3d10051%26langId%3d-1%26sType%3dSimpleSearch%26resultCatEntryType%3d2%26showResultsPage%3dtrue%26pageSize%3d15%26sortBy%3d5%26searchSource%3dQ%26pageView%3d%26beginIndex%3d0%26searchTerm%3dRose%26SearchKeyWord%3d,19.99,000002514
124,Talbott Chardonnay Cuvee Audrey Diamond T Estate 2014,https://www.finewineandgoodspirits.com/webapp/wcs/stores/servlet/ProductDisplay?catalogId=10051&storeId=10051&productId=2133328&langId=-1&partNumber=000074350prod&errorViewName=ProductDisplayErrorView&categoryId=1334028&top_category=1334028&parent_category_rn=1334028&urlLangId=&categoryType=Wines&fromURL=%2fwebapp%2fwcs%2fstores%2fservlet%2fCatalogSearchResultView%3fstoreId%3d10051%26catalogId%3d10051%26langId%3d-1%26categoryId%3d1334028%26categoryType%3d%26top_category%3d%26parent_category_rn%3d%26sortBy%3d5%26searchSource%3dE%26pageView%3d%26beginIndex%3d120,47.99,000074350
125,Adler Fels Chardonnay The Eagle Rock 2015,https://www.finewineandgoodspirits.com/webapp/wcs/stores/servlet/ProductDisplay?catalogId=10051&storeId=10051&productId=2133350&langId=-1&partNumber=000074388prod&errorViewName=ProductDisplayErrorView&categoryId=1334028&top_category=1334028&parent_category_rn=1334028&urlLangId=&categoryType=Wines&fromURL=%2fwebapp%2fwcs%2fstores%2fservlet%2fCatalogSearchResultView%3fstoreId%3d10051%26catalogId%3d10051%26langId%3d-1%26categoryId%3d1334028%26categoryType%3d%26top_category%3d%26parent_category_rn%3d%26sortBy%3d5%26searchSource%3dE%26pageView%3d%26beginIndex%3d90,15.99,000074388
126,Charles and Charles Riesling Yakima Valley 2016,https://www.finewineandgoodspirits.com/webapp/wcs/stores/servlet/ProductDisplay?catalogId=10051&storeId=10051&productId=2134318&langId=-1&partNumber=000074451prod&errorViewName=ProductDisplayErrorView&categoryId=&top_category=&parent_category_rn=&urlLangId=&categoryType=Wines&fromURL=%2fwebapp%2fwcs%2fstores%2fservlet%2fCatalogSearchResultView%3fstoreId%3d10051%26catalogId%3d10051%26langId%3d-1%26sType%3dSimpleSearch%26resultCatEntryType%3d2%26showResultsPage%3dtrue%26pageSize%3d15%26sortBy%3d5%26searchSource%3dQ%26pageView%3d%26beginIndex%3d0%26searchTerm%3dReisling%26SearchKeyWord%3d,10.39,000074451
127,Tierre Salvaje Cabernet Sauvignon Reserve Kosher Maule Valley Chile 2016,https://www.finewineandgoodspirits.com/webapp/wcs/stores/servlet/ProductDisplay?catalogId=10051&storeId=10051&productId=2136328&langId=-1&partNumber=000074409prod&errorViewName=ProductDisplayErrorView&categoryId=1334028&top_category=1334028&parent_category_rn=1334028&urlLangId=&categoryType=Wines&fromURL=%2fwebapp%2fwcs%2fstores%2fservlet%2fCatalogSearchResultView%3fstoreId%3d10051%26catalogId%3d10051%26langId%3d-1%26categoryId%3d1334028%26categoryType%3d%26top_category%3d%26parent_category_rn%3d%26sortBy%3d5%26searchSource%3dE%26pageView%3d%26beginIndex%3d120,8.79,000074409
128,Familia Camarena Tequila Reposado 80 Proof,https://www.finewineandgoodspirits.com/webapp/wcs/stores/servlet/ProductDisplay?catalogId=10051&storeId=10051&productId=2137360&langId=-1&partNumber=000002990prod&errorViewName=ProductDisplayErrorView&categoryId=1334028&top_category=1334028&parent_category_rn=1334028&urlLangId=&categoryType=Spirits&fromURL=%2fwebapp%2fwcs%2fstores%2fservlet%2fCatalogSearchResultView%3fstoreId%3d10051%26catalogId%3d10051%26langId%3d-1%26categoryId%3d1334028%26categoryType%3d%26top_category%3d%26parent_category_rn%3d%26sortBy%3d5%26searchSource%3dE%26pageView%3d%26beginIndex%3d90,7.99,000002990
129,Familia Camarena Tequila Silver 80 Proof,https://www.finewineandgoodspirits.com/webapp/wcs/stores/servlet/ProductDisplay?catalogId=10051&storeId=10051&productId=2137362&langId=-1&partNumber=000002991prod&errorViewName=ProductDisplayErrorView&categoryId=1334030&top_category=1334028&parent_category_rn=1334028&urlLangId=&categoryType=Spirits&fromURL=%2fwebapp%2fwcs%2fstores%2fservlet%2fCatalogSearchResultView%3fstoreId%3d10051%26catalogId%3d10051%26langId%3d-1%26categoryId%3d1334030%26categoryType%3d%26top_category%3d%26parent_category_rn%3d%26sortBy%3d5%26searchSource%3dE%26pageView%3d%26beginIndex%3d0,7.99,000002991
130,Smirnoff Vodka Love Wins 80 Proof,https://www.finewineandgoodspirits.com/webapp/wcs/stores/servlet/ProductDisplay?catalogId=10051&storeId=10051&productId=2141864&langId=-1&partNumber=000002499prod&errorViewName=ProductDisplayErrorView&categoryId=1334028&top_category=1334028&parent_category_rn=1334028&urlLangId=&categoryType=Spirits&fromURL=%2fwebapp%2fwcs%2fstores%2fservlet%2fCatalogSearchResultView%3fstoreId%3d10051%26catalogId%3d10051%26langId%3d-1%26categoryId%3d1334028%26categoryType%3d%26top_category%3d%26parent_category_rn%3d%26sortBy%3d5%26searchSource%3dE%26pageView%3d%26beginIndex%3d120,14.39,000002499
131,LVE Cabernet Sauvignon Napa Valley 2015,https://www.finewineandgoodspirits.com/webapp/wcs/stores/servlet/ProductDisplay?catalogId=10051&storeId=10051&productId=2142882&langId=-1&partNumber=000074394prod&errorViewName=ProductDisplayErrorView&categoryId=1334028&top_category=1334028&parent_category_rn=1334028&urlLangId=&categoryType=Wines&fromURL=%2fwebapp%2fwcs%2fstores%2fservlet%2fCatalogSearchResultView%3fstoreId%3d10051%26catalogId%3d10051%26langId%3d-1%26categoryId%3d1334028%26categoryType%3d%26top_category%3d%26parent_category_rn%3d%26sortBy%3d5%26searchSource%3dE%26pageView%3d%26beginIndex%3d120,55.99,000074394
132,Ca'Momi Chardonnay Napa Valley 2016,https://www.finewineandgoodspirits.com/webapp/wcs/stores/servlet/ProductDisplay?catalogId=10051&storeId=10051&productId=2142900&langId=-1&partNumber=000074498prod&errorViewName=ProductDisplayErrorView&categoryId=1334028&top_category=1334028&parent_category_rn=1334028&urlLangId=&categoryType=Wines&fromURL=%2fwebapp%2fwcs%2fstores%2fservlet%2fCatalogSearchResultView%3fstoreId%3d10051%26catalogId%3d10051%26langId%3d-1%26categoryId%3d1334028%26categoryType%3d%26top_category%3d%26parent_category_rn%3d%26sortBy%3d5%26searchSource%3dE%26pageView%3d%26beginIndex%3d120,11.99,000074498
133,Joliesse Vineyards Cabernet Sauvignon 2016,https://www.finewineandgoodspirits.com/webapp/wcs/stores/servlet/ProductDisplay?catalogId=10051&storeId=10051&productId=2145872&langId=-1&partNumber=000074375prod&errorViewName=ProductDisplayErrorView&categoryId=1334028&top_category=1334028&parent_category_rn=1334028&urlLangId=&categoryType=Wines&fromURL=%2fwebapp%2fwcs%2fstores%2fservlet%2fCatalogSearchResultView%3fstoreId%3d10051%26catalogId%3d10051%26langId%3d-1%26categoryId%3d1334028%26categoryType%3d%26top_category%3d%26parent_category_rn%3d%26sortBy%3d5%26searchSource%3dE%26pageView%3d%26beginIndex%3d90,9.59,000074375
134,Joliesse Vineyards Rose 2017,https://www.finewineandgoodspirits.com/webapp/wcs/stores/servlet/ProductDisplay?catalogId=10051&storeId=10051&productId=2145874&langId=-1&partNumber=000074376prod&errorViewName=ProductDisplayErrorView&categoryId=1334028&top_category=1334028&parent_category_rn=1334028&urlLangId=&categoryType=Wines&fromURL=%2fwebapp%2fwcs%2fstores%2fservlet%2fCatalogSearchResultView%3fstoreId%3d10051%26catalogId%3d10051%26langId%3d-1%26categoryId%3d1334028%26categoryType%3d%26top_category%3d%26parent_category_rn%3d%26sortBy%3d5%26searchSource%3dE%26pageView%3d%26beginIndex%3d90,9.59,000074376
135,Stolichnaya Strasberi Vodka 75 Proof,https://www.finewineandgoodspirits.com/webapp/wcs/stores/servlet/ProductDisplay?catalogId=10051&storeId=10051&productId=2147364&langId=-1&partNumber=000002538prod&errorViewName=ProductDisplayErrorView&categoryId=1334028&top_category=1334028&parent_category_rn=1334028&urlLangId=&categoryType=Spirits&fromURL=%2fwebapp%2fwcs%2fstores%2fservlet%2fCatalogSearchResultView%3fstoreId%3d10051%26catalogId%3d10051%26langId%3d-1%26categoryId%3d1334028%26categoryType%3d%26top_category%3d%26parent_category_rn%3d%26sortBy%3d5%26searchSource%3dE%26pageView%3d%26beginIndex%3d135,11.99,000002538
136,Tenuta Le Colonne Bolgheri Rosso 2015,https://www.finewineandgoodspirits.com/webapp/wcs/stores/servlet/ProductDisplay?catalogId=10051&storeId=10051&productId=2155882&langId=-1&partNumber=000074685prod&errorViewName=ProductDisplayErrorView&categoryId=1334028&top_category=1334028&parent_category_rn=1334028&urlLangId=&categoryType=Wines&fromURL=%2fwebapp%2fwcs%2fstores%2fservlet%2fCatalogSearchResultView%3fstoreId%3d10051%26catalogId%3d10051%26langId%3d-1%26categoryId%3d1334028%26categoryType%3d%26top_category%3d%26parent_category_rn%3d%26sortBy%3d5%26searchSource%3dE%26pageView%3d%26beginIndex%3d135,21.59,000074685
137,Terezuola Vermentino Colli di Luni Vigne Basse 2017,https://www.finewineandgoodspirits.com/webapp/wcs/stores/servlet/ProductDisplay?catalogId=10051&storeId=10051&productId=2158412&langId=-1&partNumber=000074724prod&errorViewName=ProductDisplayErrorView&categoryId=1334028&top_category=1334028&parent_category_rn=1334028&urlLangId=&categoryType=Wines&fromURL=%2fwebapp%2fwcs%2fstores%2fservlet%2fCatalogSearchResultView%3fstoreId%3d10051%26catalogId%3d10051%26langId%3d-1%26categoryId%3d1334028%26categoryType%3d%26top_category%3d%26parent_category_rn%3d%26sortBy%3d5%26searchSource%3dE%26pageView%3d%26beginIndex%3d135,13.59,000074724
138,Tenuta Olim Bauda Gavi di Gavi 2016,https://www.finewineandgoodspirits.com/webapp/wcs/stores/servlet/ProductDisplay?catalogId=10051&storeId=10051&productId=2160384&langId=-1&partNumber=000074789prod&errorViewName=ProductDisplayErrorView&categoryId=1334028&top_category=1334028&parent_category_rn=1334028&urlLangId=&categoryType=Wines&fromURL=%2fwebapp%2fwcs%2fstores%2fservlet%2fCatalogSearchResultView%3fstoreId%3d10051%26catalogId%3d10051%26langId%3d-1%26categoryId%3d1334028%26categoryType%3d%26top_category%3d%26parent_category_rn%3d%26sortBy%3d5%26searchSource%3dE%26pageView%3d%26beginIndex%3d135,15.99,000074789
139,Ktima Chrisohoou Naoussa 2015,https://www.finewineandgoodspirits.com/webapp/wcs/stores/servlet/ProductDisplay?catalogId=10051&storeId=10051&productId=2164922&langId=-1&partNumber=000074702prod&errorViewName=ProductDisplayErrorView&categoryId=1334028&top_category=1334028&parent_category_rn=1334028&urlLangId=&categoryType=Wines&fromURL=%2fwebapp%2fwcs%2fstores%2fservlet%2fCatalogSearchResultView%3fstoreId%3d10051%26catalogId%3d10051%26langId%3d-1%26categoryId%3d1334028%26categoryType%3d%26top_category%3d%26parent_category_rn%3d%26sortBy%3d5%26searchSource%3dE%26pageView%3d%26beginIndex%3d135,14.39,000074702
140,Showdown Cabernet Sauvignon 2015,https://www.finewineandgoodspirits.com/webapp/wcs/stores/servlet/ProductDisplay?catalogId=10051&storeId=10051&productId=2166948&langId=-1&partNumber=000074911prod&errorViewName=ProductDisplayErrorView&categoryId=1334029&top_category=1334028&parent_category_rn=1334028&urlLangId=&categoryType=Wines&fromURL=%2fwebapp%2fwcs%2fstores%2fservlet%2fCatalogSearchResultView%3fstoreId%3d10051%26catalogId%3d10051%26langId%3d-1%26categoryId%3d1334029%26categoryType%3d%26top_category%3d%26parent_category_rn%3d%26sortBy%3d5%26searchSource%3dE%26pageView%3d%26beginIndex%3d15,9.59,000074911
141,Cora Pinot Grigio Veneto 2017,https://www.finewineandgoodspirits.com/webapp/wcs/stores/servlet/ProductDisplay?catalogId=10051&storeId=10051&productId=2171916&langId=-1&partNumber=000074894prod&errorViewName=ProductDisplayErrorView&categoryId=1334028&top_category=1334028&parent_category_rn=1334028&urlLangId=&categoryType=Wines&fromURL=%2fwebapp%2fwcs%2fstores%2fservlet%2fCatalogSearchResultView%3fstoreId%3d10051%26catalogId%3d10051%26langId%3d-1%26categoryId%3d1334028%26categoryType%3d%26top_category%3d%26parent_category_rn%3d%26sortBy%3d5%26searchSource%3dE%26pageView%3d%26beginIndex%3d135,7.99,000074894
142,Cune Rose Tempranillo Rioja 2017,https://www.finewineandgoodspirits.com/webapp/wcs/stores/servlet/ProductDisplay?catalogId=10051&storeId=10051&productId=2191966&langId=-1&partNumber=000075206prod&errorViewName=ProductDisplayErrorView&categoryId=1334028&top_category=1334028&parent_category_rn=1334028&urlLangId=&categoryType=Wines&fromURL=%2fwebapp%2fwcs%2fstores%2fservlet%2fCatalogSearchResultView%3fstoreId%3d10051%26catalogId%3d10051%26langId%3d-1%26categoryId%3d1334028%26categoryType%3d%26top_category%3d%26parent_category_rn%3d%26sortBy%3d5%26searchSource%3dE%26pageView%3d%26beginIndex%3d135,11.19,000075206
143,Two Rivers Tributary Pinot Noir Marlborough 2016,https://www.finewineandgoodspirits.com/webapp/wcs/stores/servlet/ProductDisplay?catalogId=10051&storeId=10051&productId=2191974&langId=-1&partNumber=000075346prod&errorViewName=ProductDisplayErrorView&categoryId=1334028&top_category=1334028&parent_category_rn=1334028&urlLangId=&categoryType=Wines&fromURL=%2fwebapp%2fwcs%2fstores%2fservlet%2fCatalogSearchResultView%3fstoreId%3d10051%26catalogId%3d10051%26langId%3d-1%26categoryId%3d1334028%26categoryType%3d%26top_category%3d%26parent_category_rn%3d%26sortBy%3d5%26searchSource%3dE%26pageView%3d%26beginIndex%3d135,23.99,000075346
144,Mount Riley Pinot Noir Marlborough 2016,https://www.finewineandgoodspirits.com/webapp/wcs/stores/servlet/ProductDisplay?catalogId=10051&storeId=10051&productId=2191978&langId=-1&partNumber=000075348prod&errorViewName=ProductDisplayErrorView&categoryId=1334028&top_category=1334028&parent_category_rn=1334028&urlLangId=&categoryType=Wines&fromURL=%2fwebapp%2fwcs%2fstores%2fservlet%2fCatalogSearchResultView%3fstoreId%3d10051%26catalogId%3d10051%26langId%3d-1%26categoryId%3d1334028%26categoryType%3d%26top_category%3d%26parent_category_rn%3d%26sortBy%3d5%26searchSource%3dE%26pageView%3d%26beginIndex%3d135,11.99,000075348
145,Underwood Pinot Noir 2016,https://www.finewineandgoodspirits.com/webapp/wcs/stores/servlet/ProductDisplay?catalogId=10051&storeId=10051&productId=2193064&langId=-1&partNumber=000075372prod&errorViewName=ProductDisplayErrorView&categoryId=1334028&top_category=1334028&parent_category_rn=1334028&urlLangId=&categoryType=Wines&fromURL=%2fwebapp%2fwcs%2fstores%2fservlet%2fCatalogSearchResultView%3fstoreId%3d10051%26catalogId%3d10051%26langId%3d-1%26categoryId%3d1334028%26categoryType%3d%26top_category%3d%26parent_category_rn%3d%26sortBy%3d5%26searchSource%3dE%26pageView%3d%26beginIndex%3d135,11.19,000075372
146,Foivos Antidote Rose Kefalonia 2017,https://www.finewineandgoodspirits.com/webapp/wcs/stores/servlet/ProductDisplay?catalogId=10051&storeId=10051&productId=2202984&langId=-1&partNumber=000075484prod&errorViewName=ProductDisplayErrorView&categoryId=1334028&top_category=1334028&parent_category_rn=1334028&urlLangId=&categoryType=Wines&fromURL=%2fwebapp%2fwcs%2fstores%2fservlet%2fCatalogSearchResultView%3fstoreId%3d10051%26catalogId%3d10051%26langId%3d-1%26categoryId%3d1334028%26categoryType%3d%26top_category%3d%26parent_category_rn%3d%26sortBy%3d5%26searchSource%3dE%26pageView%3d%26beginIndex%3d135,13.59,000075484
147,Alba Vineyard Chardonnay Warren Hills 2016,https://www.finewineandgoodspirits.com/webapp/wcs/stores/servlet/ProductDisplay?catalogId=10051&storeId=10051&productId=2210976&langId=-1&partNumber=000075550prod&errorViewName=ProductDisplayErrorView&categoryId=1334028&top_category=1334028&parent_category_rn=1334028&urlLangId=&categoryType=Wines&fromURL=%2fwebapp%2fwcs%2fstores%2fservlet%2fCatalogSearchResultView%3fstoreId%3d10051%26catalogId%3d10051%26langId%3d-1%26categoryId%3d1334028%26categoryType%3d%26top_category%3d%26parent_category_rn%3d%26sortBy%3d5%26searchSource%3dE%26pageView%3d%26beginIndex%3d135,15.19,000075550
148,Onabay Cot Fermented Cabernet Franc 2016,https://www.finewineandgoodspirits.com/webapp/wcs/stores/servlet/ProductDisplay?catalogId=10051&storeId=10051&productId=2211966&langId=-1&partNumber=000075595prod&errorViewName=ProductDisplayErrorView&categoryId=1334028&top_category=1334028&parent_category_rn=1334028&urlLangId=&categoryType=Wines&fromURL=%2fwebapp%2fwcs%2fstores%2fservlet%2fCatalogSearchResultView%3fstoreId%3d10051%26catalogId%3d10051%26langId%3d-1%26categoryId%3d1334028%26categoryType%3d%26top_category%3d%26parent_category_rn%3d%26sortBy%3d5%26searchSource%3dE%26pageView%3d%26beginIndex%3d135,18.39,000075595
149,Twomey Sauvignon Blanc Napa Valley 2016,https://www.finewineandgoodspirits.com/webapp/wcs/stores/servlet/ProductDisplay?catalogId=10051&storeId=10051&productId=2220018&langId=-1&partNumber=000075652prod&errorViewName=ProductDisplayErrorView&categoryId=1334028&top_category=1334028&parent_category_rn=1334028&urlLangId=&categoryType=Wines&fromURL=%2fwebapp%2fwcs%2fstores%2fservlet%2fCatalogSearchResultView%3fstoreId%3d10051%26catalogId%3d10051%26langId%3d-1%26categoryId%3d1334028%26categoryType%3d%26top_category%3d%26parent_category_rn%3d%26sortBy%3d5%26searchSource%3dE%26pageView%3d%26beginIndex%3d135,20.79,000075652
