,Unnamed: 0,product,link,Price,PartNumber,OnlineStock,StoreURL
2600,2600,Mollydooker The Boxer Shiraz South Australia 2015,https://www.finewineandgoodspirits.com/webapp/wcs/stores/servlet/ProductDisplay?catalogId=10051&storeId=10051&productId=1968672&langId=-1&partNumber=000073270prod&errorViewName=ProductDisplayErrorView&categoryId=1334028&top_category=1334028&parent_category_rn=1334028&urlLangId=&categoryType=Wines&fromURL=%2fwebapp%2fwcs%2fstores%2fservlet%2fCatalogSearchResultView%3fstoreId%3d10051%26catalogId%3d10051%26langId%3d-1%26categoryId%3d1334028%26categoryType%3d%26top_category%3d%26parent_category_rn%3d%26sortBy%3d5%26searchSource%3dE%26pageView%3d%26beginIndex%3d3045,22.39,73270,None Available,
2601,2601,Miguel Torres Las Mules Cabernet Sauvignon Organic Reserva 2014,https://www.finewineandgoodspirits.com/webapp/wcs/stores/servlet/ProductDisplay?catalogId=10051&storeId=10051&productId=1968840&langId=-1&partNumber=000073380prod&errorViewName=ProductDisplayErrorView&categoryId=1333941&top_category=25588&parent_category_rn=1333936&urlLangId=&variety=Cabernet+Sauvignon&categoryType=Wines&fromURL=%2fwebapp%2fwcs%2fstores%2fservlet%2fCatalogSearchResultView%3fstoreId%3d10051%26catalogId%3d10051%26langId%3d-1%26categoryId%3d1333941%26variety%3dCabernet%2bSauvignon%26categoryType%3dWines%26top_category%3d%26parent_category_rn%3d%26sortBy%3d5%26searchSource%3dE%26pageView%3d%26beginIndex%3d45,8.79,73380,None Available,
2602,2602,Baileyana Firepeak Pinot Noir Edna Valley 2014,https://www.finewineandgoodspirits.com/webapp/wcs/stores/servlet/ProductDisplay?catalogId=10051&storeId=10051&productId=1968882&langId=-1&partNumber=000073406prod&errorViewName=ProductDisplayErrorView&categoryId=1333947&top_category=25588&parent_category_rn=1333936&urlLangId=&variety=Pinot+Noir&categoryType=Wines&fromURL=%2fwebapp%2fwcs%2fstores%2fservlet%2fCatalogSearchResultView%3fstoreId%3d10051%26catalogId%3d10051%26langId%3d-1%26categoryId%3d1333947%26variety%3dPinot%2bNoir%26categoryType%3dWines%26top_category%3d%26parent_category_rn%3d%26sortBy%3d5%26searchSource%3dE%26pageView%3d%26beginIndex%3d15,15.99,73406,None Available,
2603,2603,Ponzi Pinot Blanc Willamette Valley 2014,https://www.finewineandgoodspirits.com/webapp/wcs/stores/servlet/ProductDisplay?catalogId=10051&storeId=10051&productId=1968904&langId=-1&partNumber=000073418prod&errorViewName=ProductDisplayErrorView&categoryId=1334028&top_category=1334028&parent_category_rn=1334028&urlLangId=&categoryType=Wines&fromURL=%2fwebapp%2fwcs%2fstores%2fservlet%2fCatalogSearchResultView%3fstoreId%3d10051%26catalogId%3d10051%26langId%3d-1%26categoryId%3d1334028%26categoryType%3d%26top_category%3d%26parent_category_rn%3d%26sortBy%3d5%26searchSource%3dE%26pageView%3d%26beginIndex%3d3045,9.99,73418,None Available,
2604,2604,Pali Chardonnay Sta Rita Hills Huber Vineyard 2013,https://www.finewineandgoodspirits.com/webapp/wcs/stores/servlet/ProductDisplay?catalogId=10051&storeId=10051&productId=1969014&langId=-1&partNumber=000073501prod&errorViewName=ProductDisplayErrorView&categoryId=1334028&top_category=1334028&parent_category_rn=1334028&urlLangId=&categoryType=Wines&fromURL=%2fwebapp%2fwcs%2fstores%2fservlet%2fCatalogSearchResultView%3fstoreId%3d10051%26catalogId%3d10051%26langId%3d-1%26categoryId%3d1334028%26categoryType%3d%26top_category%3d%26parent_category_rn%3d%26sortBy%3d5%26searchSource%3dE%26pageView%3d%26beginIndex%3d3045,18.49,73501,None Available,
2605,2605,Liparita Enlace Paso Robles 2014,https://www.finewineandgoodspirits.com/webapp/wcs/stores/servlet/ProductDisplay?catalogId=10051&storeId=10051&productId=1969040&langId=-1&partNumber=000073523prod&errorViewName=ProductDisplayErrorView&categoryId=1334028&top_category=1334028&parent_category_rn=1334028&urlLangId=&categoryType=Wines&fromURL=%2fwebapp%2fwcs%2fstores%2fservlet%2fCatalogSearchResultView%3fstoreId%3d10051%26catalogId%3d10051%26langId%3d-1%26categoryId%3d1334028%26categoryType%3d%26top_category%3d%26parent_category_rn%3d%26sortBy%3d5%26searchSource%3dE%26pageView%3d%26beginIndex%3d3045,7.99,73523,None Available,
2606,2606,Orleans Hill Syrah Organic 2015,https://www.finewineandgoodspirits.com/webapp/wcs/stores/servlet/ProductDisplay?catalogId=10051&storeId=10051&productId=1969108&langId=-1&partNumber=000073581prod&errorViewName=ProductDisplayErrorView&categoryId=1334028&top_category=1334028&parent_category_rn=1334028&urlLangId=&categoryType=Wines&fromURL=%2fwebapp%2fwcs%2fstores%2fservlet%2fCatalogSearchResultView%3fstoreId%3d10051%26catalogId%3d10051%26langId%3d-1%26categoryId%3d1334028%26categoryType%3d%26top_category%3d%26parent_category_rn%3d%26sortBy%3d5%26searchSource%3dE%26pageView%3d%26beginIndex%3d3045,9.59,73581,None Available,
2607,2607,Rock Wall Zinfandel Contra Costa County Jesses Vineyard 2013,https://www.finewineandgoodspirits.com/webapp/wcs/stores/servlet/ProductDisplay?catalogId=10051&storeId=10051&productId=1969132&langId=-1&partNumber=000073594prod&errorViewName=ProductDisplayErrorView&categoryId=1334028&top_category=1334028&parent_category_rn=1334028&urlLangId=&categoryType=Wines&fromURL=%2fwebapp%2fwcs%2fstores%2fservlet%2fCatalogSearchResultView%3fstoreId%3d10051%26catalogId%3d10051%26langId%3d-1%26categoryId%3d1334028%26categoryType%3d%26top_category%3d%26parent_category_rn%3d%26sortBy%3d5%26searchSource%3dE%26pageView%3d%26beginIndex%3d3045,15.99,73594,None Available,
2608,2608,McPherson Les Copains White Texas 2015,https://www.finewineandgoodspirits.com/webapp/wcs/stores/servlet/ProductDisplay?catalogId=10051&storeId=10051&productId=1969152&langId=-1&partNumber=000073610prod&errorViewName=ProductDisplayErrorView&categoryId=1334028&top_category=1334028&parent_category_rn=1334028&urlLangId=&categoryType=Wines&fromURL=%2fwebapp%2fwcs%2fstores%2fservlet%2fCatalogSearchResultView%3fstoreId%3d10051%26catalogId%3d10051%26langId%3d-1%26categoryId%3d1334028%26categoryType%3d%26top_category%3d%26parent_category_rn%3d%26sortBy%3d5%26searchSource%3dE%26pageView%3d%26beginIndex%3d3045,7.49,73610,None Available,
2609,2609,Coleman Cherry Cove Pinot Gris McMinnville Oregon 2015,https://www.finewineandgoodspirits.com/webapp/wcs/stores/servlet/ProductDisplay?catalogId=10051&storeId=10051&productId=1969180&langId=-1&partNumber=000073630prod&errorViewName=ProductDisplayErrorView&categoryId=1334028&top_category=1334028&parent_category_rn=1334028&urlLangId=&categoryType=Wines&fromURL=%2fwebapp%2fwcs%2fstores%2fservlet%2fCatalogSearchResultView%3fstoreId%3d10051%26catalogId%3d10051%26langId%3d-1%26categoryId%3d1334028%26categoryType%3d%26top_category%3d%26parent_category_rn%3d%26sortBy%3d5%26searchSource%3dE%26pageView%3d%26beginIndex%3d3060,15.19,73630,None Available,
2610,2610,Montinore Muller Thurgau Willamette Valley Estate 2014,https://www.finewineandgoodspirits.com/webapp/wcs/stores/servlet/ProductDisplay?catalogId=10051&storeId=10051&productId=1969186&langId=-1&partNumber=000073633prod&errorViewName=ProductDisplayErrorView&categoryId=1334028&top_category=1334028&parent_category_rn=1334028&urlLangId=&categoryType=Wines&fromURL=%2fwebapp%2fwcs%2fstores%2fservlet%2fCatalogSearchResultView%3fstoreId%3d10051%26catalogId%3d10051%26langId%3d-1%26categoryId%3d1334028%26categoryType%3d%26top_category%3d%26parent_category_rn%3d%26sortBy%3d5%26searchSource%3dE%26pageView%3d%26beginIndex%3d3060,11.19,73633,None Available,
2611,2611,Holloran Pinot Noir Willamette Valley 2013,https://www.finewineandgoodspirits.com/webapp/wcs/stores/servlet/ProductDisplay?catalogId=10051&storeId=10051&productId=1969214&langId=-1&partNumber=000073650prod&errorViewName=ProductDisplayErrorView&categoryId=1334028&top_category=1334028&parent_category_rn=1334028&urlLangId=&categoryType=Wines&fromURL=%2fwebapp%2fwcs%2fstores%2fservlet%2fCatalogSearchResultView%3fstoreId%3d10051%26catalogId%3d10051%26langId%3d-1%26categoryId%3d1334028%26categoryType%3d%26top_category%3d%26parent_category_rn%3d%26sortBy%3d5%26searchSource%3dE%26pageView%3d%26beginIndex%3d3060,13.49,73650,None Available,
2612,2612,Chateau Ste Michelle Winery Syrah Columbia Valley 2013,https://www.finewineandgoodspirits.com/webapp/wcs/stores/servlet/ProductDisplay?catalogId=10051&storeId=10051&productId=1969260&langId=-1&partNumber=000073682prod&errorViewName=ProductDisplayErrorView&categoryId=1334028&top_category=1334028&parent_category_rn=1334028&urlLangId=&categoryType=Wines&fromURL=%2fwebapp%2fwcs%2fstores%2fservlet%2fCatalogSearchResultView%3fstoreId%3d10051%26catalogId%3d10051%26langId%3d-1%26categoryId%3d1334028%26categoryType%3d%26top_category%3d%26parent_category_rn%3d%26sortBy%3d5%26searchSource%3dE%26pageView%3d%26beginIndex%3d3060,12.79,73682,None Available,
2613,2613,Markham Vineyard Cellar 1879 Red Blend Napa Valley 2013,https://www.finewineandgoodspirits.com/webapp/wcs/stores/servlet/ProductDisplay?catalogId=10051&storeId=10051&productId=1969276&langId=-1&partNumber=000073805prod&errorViewName=ProductDisplayErrorView&categoryId=1334028&top_category=1334028&parent_category_rn=1334028&urlLangId=&categoryType=Wines&fromURL=%2fwebapp%2fwcs%2fstores%2fservlet%2fCatalogSearchResultView%3fstoreId%3d10051%26catalogId%3d10051%26langId%3d-1%26categoryId%3d1334028%26categoryType%3d%26top_category%3d%26parent_category_rn%3d%26sortBy%3d5%26searchSource%3dE%26pageView%3d%26beginIndex%3d3060,19.99,73805,None Available,
2614,2614,entwine Chardonnay 2014,https://www.finewineandgoodspirits.com/webapp/wcs/stores/servlet/ProductDisplay?catalogId=10051&storeId=10051&productId=1969480&langId=-1&partNumber=000074116prod&errorViewName=ProductDisplayErrorView&categoryId=1334028&top_category=1334028&parent_category_rn=1334028&urlLangId=&categoryType=Wines&fromURL=%2fwebapp%2fwcs%2fstores%2fservlet%2fCatalogSearchResultView%3fstoreId%3d10051%26catalogId%3d10051%26langId%3d-1%26categoryId%3d1334028%26categoryType%3d%26top_category%3d%26parent_category_rn%3d%26sortBy%3d5%26searchSource%3dE%26pageView%3d%26beginIndex%3d3060,7.99,74116,None Available,
2615,2615,Vermeil Wines Sauvignon Blanc Napa Valley 2015,https://www.finewineandgoodspirits.com/webapp/wcs/stores/servlet/ProductDisplay?catalogId=10051&storeId=10051&productId=1969690&langId=-1&partNumber=000074234prod&errorViewName=ProductDisplayErrorView&categoryId=1334028&top_category=1334028&parent_category_rn=1334028&urlLangId=&categoryType=Wines&fromURL=%2fwebapp%2fwcs%2fstores%2fservlet%2fCatalogSearchResultView%3fstoreId%3d10051%26catalogId%3d10051%26langId%3d-1%26categoryId%3d1334028%26categoryType%3d%26top_category%3d%26parent_category_rn%3d%26sortBy%3d5%26searchSource%3dE%26pageView%3d%26beginIndex%3d3060,22.39,74234,None Available,
2616,2616,Chateau la Combe Saint Paul White 2014,https://www.finewineandgoodspirits.com/webapp/wcs/stores/servlet/ProductDisplay?catalogId=10051&storeId=10051&productId=1970166&langId=-1&partNumber=000078191prod&errorViewName=ProductDisplayErrorView&categoryId=1334044&top_category=1334043&parent_category_rn=1334043&urlLangId=&variety=Chairman%26amp%3b%23039%3bs+Programs&categoryType=Wines&fromURL=%2fwebapp%2fwcs%2fstores%2fservlet%2fCatalogSearchResultView%3fstoreId%3d10051%26catalogId%3d10051%26langId%3d-1%26categoryId%3d1334044%26variety%3dChairman%2526amp%253b%2523039%253bs%2bPrograms%26categoryType%3dWines%26top_category%3d%26parent_category_rn%3d%26sortBy%3d5%26searchSource%3dE%26pageView%3d%26beginIndex%3d15,4.99,78191,None Available,
2617,2617,Kukkula Aatto Red Blend Paso Robles 2012,https://www.finewineandgoodspirits.com/webapp/wcs/stores/servlet/ProductDisplay?catalogId=10051&storeId=10051&productId=1970464&langId=-1&partNumber=000078353prod&errorViewName=ProductDisplayErrorView&categoryId=1334028&top_category=1334028&parent_category_rn=1334028&urlLangId=&categoryType=Wines&fromURL=%2fwebapp%2fwcs%2fstores%2fservlet%2fCatalogSearchResultView%3fstoreId%3d10051%26catalogId%3d10051%26langId%3d-1%26categoryId%3d1334028%26categoryType%3d%26top_category%3d%26parent_category_rn%3d%26sortBy%3d5%26searchSource%3dE%26pageView%3d%26beginIndex%3d3060,12.49,78353,None Available,
2618,2618,Bersano Ruche di Castagnole Monferrato San Pietro Realto 2015,https://www.finewineandgoodspirits.com/webapp/wcs/stores/servlet/ProductDisplay?catalogId=10051&storeId=10051&productId=1970534&langId=-1&partNumber=000078388prod&errorViewName=ProductDisplayErrorView&categoryId=1334028&top_category=1334028&parent_category_rn=1334028&urlLangId=&categoryType=Wines&fromURL=%2fwebapp%2fwcs%2fstores%2fservlet%2fCatalogSearchResultView%3fstoreId%3d10051%26catalogId%3d10051%26langId%3d-1%26categoryId%3d1334028%26categoryType%3d%26top_category%3d%26parent_category_rn%3d%26sortBy%3d5%26searchSource%3dE%26pageView%3d%26beginIndex%3d3060,6.99,78388,None Available,
2619,2619,Borgo Maragliano Brachetto 2015,https://www.finewineandgoodspirits.com/webapp/wcs/stores/servlet/ProductDisplay?catalogId=10051&storeId=10051&productId=1970752&langId=-1&partNumber=000078500prod&errorViewName=ProductDisplayErrorView&categoryId=1333985&top_category=25588&parent_category_rn=1333982&urlLangId=&variety=Other+Wines&categoryType=Wines&fromURL=%2fwebapp%2fwcs%2fstores%2fservlet%2fCatalogSearchResultView%3fstoreId%3d10051%26catalogId%3d10051%26langId%3d-1%26categoryId%3d1333985%26variety%3dOther%2bWines%26categoryType%3dWines%26top_category%3d%26parent_category_rn%3d%26sortBy%3d5%26searchSource%3dE%26pageView%3d%26beginIndex%3d30,5.99,78500,None Available,
2620,2620,Bedouet Vigneron Muscadet Sevre et Maine Sur Lie 2015,https://www.finewineandgoodspirits.com/webapp/wcs/stores/servlet/ProductDisplay?catalogId=10051&storeId=10051&productId=1970774&langId=-1&partNumber=000078511prod&errorViewName=ProductDisplayErrorView&categoryId=1334029&top_category=1334028&parent_category_rn=1334028&urlLangId=&categoryType=Wines&fromURL=%2fwebapp%2fwcs%2fstores%2fservlet%2fCatalogSearchResultView%3fstoreId%3d10051%26catalogId%3d10051%26langId%3d-1%26categoryId%3d1334029%26categoryType%3d%26top_category%3d%26parent_category_rn%3d%26sortBy%3d5%26searchSource%3dE%26pageView%3d%26beginIndex%3d30,4.49,78511,None Available,
2621,2621,Flora Springs Family Select Chardonnay Napa Valley 2014,https://www.finewineandgoodspirits.com/webapp/wcs/stores/servlet/ProductDisplay?catalogId=10051&storeId=10051&productId=1970824&langId=-1&partNumber=000078539prod&errorViewName=ProductDisplayErrorView&categoryId=1334028&top_category=1334028&parent_category_rn=1334028&urlLangId=&categoryType=Wines&fromURL=%2fwebapp%2fwcs%2fstores%2fservlet%2fCatalogSearchResultView%3fstoreId%3d10051%26catalogId%3d10051%26langId%3d-1%26categoryId%3d1334028%26categoryType%3d%26top_category%3d%26parent_category_rn%3d%26sortBy%3d5%26searchSource%3dE%26pageView%3d%26beginIndex%3d3060,10.99,78539,None Available,
2622,2622,Mt Beautiful Chardonnay North Canterbury 2015,https://www.finewineandgoodspirits.com/webapp/wcs/stores/servlet/ProductDisplay?catalogId=10051&storeId=10051&productId=1970926&langId=-1&partNumber=000078593prod&errorViewName=ProductDisplayErrorView&categoryId=1334028&top_category=1334028&parent_category_rn=1334028&urlLangId=&categoryType=Wines&fromURL=%2fwebapp%2fwcs%2fstores%2fservlet%2fCatalogSearchResultView%3fstoreId%3d10051%26catalogId%3d10051%26langId%3d-1%26categoryId%3d1334028%26categoryType%3d%26top_category%3d%26parent_category_rn%3d%26sortBy%3d5%26searchSource%3dE%26pageView%3d%26beginIndex%3d0,7.49,78593,None Available,
2623,2623,Flor de Campo by Sanford Pinot Noir 2013,https://www.finewineandgoodspirits.com/webapp/wcs/stores/servlet/ProductDisplay?catalogId=10051&storeId=10051&productId=1971004&langId=-1&partNumber=000078636prod&errorViewName=ProductDisplayErrorView&categoryId=1334045&top_category=1334043&parent_category_rn=1334044&urlLangId=&categoryType=Wines&fromURL=%2fwebapp%2fwcs%2fstores%2fservlet%2fCatalogSearchResultView%3fstoreId%3d10051%26catalogId%3d10051%26langId%3d-1%26categoryId%3d1334045%26categoryType%3d%26top_category%3d%26parent_category_rn%3d%26sortBy%3d5%26searchSource%3dE%26pageView%3d%26beginIndex%3d300,6.49,78636,None Available,
2624,2624,Contarini Prosecco Superiore Millesimato Valdobbiadene 2016,https://www.finewineandgoodspirits.com/webapp/wcs/stores/servlet/ProductDisplay?catalogId=10051&storeId=10051&productId=1971030&langId=-1&partNumber=000078649prod&errorViewName=ProductDisplayErrorView&categoryId=1334028&top_category=1334028&parent_category_rn=1334028&urlLangId=&categoryType=Wines&fromURL=%2fwebapp%2fwcs%2fstores%2fservlet%2fCatalogSearchResultView%3fstoreId%3d10051%26catalogId%3d10051%26langId%3d-1%26categoryId%3d1334028%26categoryType%3d%26top_category%3d%26parent_category_rn%3d%26sortBy%3d5%26searchSource%3dE%26pageView%3d%26beginIndex%3d3075,6.99,78649,None Available,
2625,2625,Old Winery Road Chardonnay California 2016,https://www.finewineandgoodspirits.com/webapp/wcs/stores/servlet/ProductDisplay?catalogId=10051&storeId=10051&productId=1971182&langId=-1&partNumber=000078728prod&errorViewName=ProductDisplayErrorView&categoryId=1334045&top_category=1334043&parent_category_rn=1334044&urlLangId=&categoryType=Wines&fromURL=%2fwebapp%2fwcs%2fstores%2fservlet%2fCatalogSearchResultView%3fstoreId%3d10051%26catalogId%3d10051%26langId%3d-1%26categoryId%3d1334045%26categoryType%3d%26top_category%3d%26parent_category_rn%3d%26sortBy%3d5%26searchSource%3dE%26pageView%3d%26beginIndex%3d0,6.59,78728,None Available,
2626,2626,von Winning Winnings Riesling 2015,https://www.finewineandgoodspirits.com/webapp/wcs/stores/servlet/ProductDisplay?catalogId=10051&storeId=10051&productId=1971586&langId=-1&partNumber=000099031prod&errorViewName=ProductDisplayErrorView&categoryId=1334028&top_category=1334028&parent_category_rn=1334028&urlLangId=&categoryType=Wines&fromURL=%2fwebapp%2fwcs%2fstores%2fservlet%2fCatalogSearchResultView%3fstoreId%3d10051%26catalogId%3d10051%26langId%3d-1%26categoryId%3d1334028%26categoryType%3d%26top_category%3d%26parent_category_rn%3d%26sortBy%3d5%26searchSource%3dE%26pageView%3d%26beginIndex%3d3075,8.49,99031,None Available,
2627,2627,Domaine de la Campanette Touraine Sauvignon Blanc 2015,https://www.finewineandgoodspirits.com/webapp/wcs/stores/servlet/ProductDisplay?catalogId=10051&storeId=10051&productId=1971798&langId=-1&partNumber=000099140prod&errorViewName=ProductDisplayErrorView&categoryId=1334028&top_category=1334028&parent_category_rn=1334028&urlLangId=&categoryType=Wines&fromURL=%2fwebapp%2fwcs%2fstores%2fservlet%2fCatalogSearchResultView%3fstoreId%3d10051%26catalogId%3d10051%26langId%3d-1%26categoryId%3d1334028%26categoryType%3d%26top_category%3d%26parent_category_rn%3d%26sortBy%3d5%26searchSource%3dE%26pageView%3d%26beginIndex%3d3075,6.99,99140,None Available,
2628,2628,Domaine Des Cassagnoles Vin De Pays Des Cotes De Gascogne 2015,https://www.finewineandgoodspirits.com/webapp/wcs/stores/servlet/ProductDisplay?catalogId=10051&storeId=10051&productId=1971828&langId=-1&partNumber=000099155prod&errorViewName=ProductDisplayErrorView&categoryId=1334028&top_category=1334028&parent_category_rn=1334028&urlLangId=&categoryType=Wines&fromURL=%2fwebapp%2fwcs%2fstores%2fservlet%2fCatalogSearchResultView%3fstoreId%3d10051%26catalogId%3d10051%26langId%3d-1%26categoryId%3d1334028%26categoryType%3d%26top_category%3d%26parent_category_rn%3d%26sortBy%3d5%26searchSource%3dE%26pageView%3d%26beginIndex%3d3075,4.99,99155,None Available,
2629,2629,Les Traverses de Fontanes Cabernet Sauvignon VdP 2015,https://www.finewineandgoodspirits.com/webapp/wcs/stores/servlet/ProductDisplay?catalogId=10051&storeId=10051&productId=1972046&langId=-1&partNumber=000099275prod&errorViewName=ProductDisplayErrorView&categoryId=1334028&top_category=1334028&parent_category_rn=1334028&urlLangId=&categoryType=Wines&fromURL=%2fwebapp%2fwcs%2fstores%2fservlet%2fCatalogSearchResultView%3fstoreId%3d10051%26catalogId%3d10051%26langId%3d-1%26categoryId%3d1334028%26categoryType%3d%26top_category%3d%26parent_category_rn%3d%26sortBy%3d5%26searchSource%3dE%26pageView%3d%26beginIndex%3d3075,10.39,99275,None Available,
2630,2630,Hopler Pannonica White Burgenland 2015,https://www.finewineandgoodspirits.com/webapp/wcs/stores/servlet/ProductDisplay?catalogId=10051&storeId=10051&productId=1972088&langId=-1&partNumber=000099296prod&errorViewName=ProductDisplayErrorView&categoryId=1334028&top_category=1334028&parent_category_rn=1334028&urlLangId=&categoryType=Wines&fromURL=%2fwebapp%2fwcs%2fstores%2fservlet%2fCatalogSearchResultView%3fstoreId%3d10051%26catalogId%3d10051%26langId%3d-1%26categoryId%3d1334028%26categoryType%3d%26top_category%3d%26parent_category_rn%3d%26sortBy%3d5%26searchSource%3dE%26pageView%3d%26beginIndex%3d3075,6.49,99296,None Available,
2631,2631,Domaine de Noire Chinon Soif de Tendresse 2015,https://www.finewineandgoodspirits.com/webapp/wcs/stores/servlet/ProductDisplay?catalogId=10051&storeId=10051&productId=1972134&langId=-1&partNumber=000099321prod&errorViewName=ProductDisplayErrorView&categoryId=1334028&top_category=1334028&parent_category_rn=1334028&urlLangId=&categoryType=Wines&fromURL=%2fwebapp%2fwcs%2fstores%2fservlet%2fCatalogSearchResultView%3fstoreId%3d10051%26catalogId%3d10051%26langId%3d-1%26categoryId%3d1334028%26categoryType%3d%26top_category%3d%26parent_category_rn%3d%26sortBy%3d5%26searchSource%3dE%26pageView%3d%26beginIndex%3d3075,9.49,99321,None Available,
2632,2632,Chateau Abelyce Saint Emilion Grand Cru 2010,https://www.finewineandgoodspirits.com/webapp/wcs/stores/servlet/ProductDisplay?catalogId=10051&storeId=10051&productId=1972224&langId=-1&partNumber=000099367prod&errorViewName=ProductDisplayErrorView&categoryId=1333939&top_category=25588&parent_category_rn=1333936&urlLangId=&variety=Bordeaux+Blend&categoryType=Wines&fromURL=%2fwebapp%2fwcs%2fstores%2fservlet%2fCatalogSearchResultView%3fstoreId%3d10051%26catalogId%3d10051%26langId%3d-1%26categoryId%3d1333939%26variety%3dBordeaux%2bBlend%26categoryType%3dWines%26top_category%3d%26parent_category_rn%3d%26sortBy%3d5%26searchSource%3dE%26pageView%3d%26beginIndex%3d0,23.99,99367,None Available,
2633,2633,Blue Quail Pinot Noir Potter Valley 2015,https://www.finewineandgoodspirits.com/webapp/wcs/stores/servlet/ProductDisplay?catalogId=10051&storeId=10051&productId=1978988&langId=-1&partNumber=000044757prod&errorViewName=ProductDisplayErrorView&categoryId=1334028&top_category=1334028&parent_category_rn=1334028&urlLangId=&categoryType=Wines&fromURL=%2fwebapp%2fwcs%2fstores%2fservlet%2fCatalogSearchResultView%3fstoreId%3d10051%26catalogId%3d10051%26langId%3d-1%26categoryId%3d1334028%26categoryType%3d%26top_category%3d%26parent_category_rn%3d%26sortBy%3d5%26searchSource%3dE%26pageView%3d%26beginIndex%3d3075,13.59,44757,None Available,
2634,2634,Semaphore 7 Red Blend Portugal 2015,https://www.finewineandgoodspirits.com/webapp/wcs/stores/servlet/ProductDisplay?catalogId=10051&storeId=10051&productId=1981000&langId=-1&partNumber=000037930prod&errorViewName=ProductDisplayErrorView&categoryId=1334028&top_category=1334028&parent_category_rn=1334028&urlLangId=&categoryType=Wines&fromURL=%2fwebapp%2fwcs%2fstores%2fservlet%2fCatalogSearchResultView%3fstoreId%3d10051%26catalogId%3d10051%26langId%3d-1%26categoryId%3d1334028%26categoryType%3d%26top_category%3d%26parent_category_rn%3d%26sortBy%3d5%26searchSource%3dE%26pageView%3d%26beginIndex%3d3075,9.59,37930,None Available,
2635,2635,Pannonhalmi Apatsagi Pinceszet Pinot Noir 2015,https://www.finewineandgoodspirits.com/webapp/wcs/stores/servlet/ProductDisplay?catalogId=10051&storeId=10051&productId=1981972&langId=-1&partNumber=000037752prod&errorViewName=ProductDisplayErrorView&categoryId=1333947&top_category=25588&parent_category_rn=1333936&urlLangId=&variety=Pinot+Noir&categoryType=Wines&fromURL=%2fwebapp%2fwcs%2fstores%2fservlet%2fCatalogSearchResultView%3fstoreId%3d10051%26catalogId%3d10051%26langId%3d-1%26categoryId%3d1333947%26variety%3dPinot%2bNoir%26categoryType%3dWines%26top_category%3d%26parent_category_rn%3d%26sortBy%3d5%26searchSource%3dE%26pageView%3d%26beginIndex%3d15,15.99,37752,None Available,
2636,2636,Antonelli San Marco Montefalco Sagrantino 2011,https://www.finewineandgoodspirits.com/webapp/wcs/stores/servlet/ProductDisplay?catalogId=10051&storeId=10051&productId=1990060&langId=-1&partNumber=000037781prod&errorViewName=ProductDisplayErrorView&categoryId=&top_category=&parent_category_rn=&urlLangId=&categoryType=Wines&fromURL=%2fwebapp%2fwcs%2fstores%2fservlet%2fCatalogSearchResultView%3fstoreId%3d10051%26catalogId%3d10051%26langId%3d-1%26sType%3dSimpleSearch%26resultCatEntryType%3d2%26showResultsPage%3dtrue%26pageSize%3d15%26sortBy%3d5%26searchSource%3dQ%26pageView%3d%26beginIndex%3d0%26searchTerm%3dmontefalco%26SearchKeyWord%3d,23.99,37781,None Available,
2637,2637,Antonelli San Marco Montefalco Rosso 2014,https://www.finewineandgoodspirits.com/webapp/wcs/stores/servlet/ProductDisplay?catalogId=10051&storeId=10051&productId=1990062&langId=-1&partNumber=000037782prod&errorViewName=ProductDisplayErrorView&categoryId=&top_category=&parent_category_rn=&urlLangId=&categoryType=Wines&fromURL=%2fwebapp%2fwcs%2fstores%2fservlet%2fCatalogSearchResultView%3fstoreId%3d10051%26catalogId%3d10051%26langId%3d-1%26sType%3dSimpleSearch%26resultCatEntryType%3d2%26showResultsPage%3dtrue%26pageSize%3d15%26sortBy%3d5%26searchSource%3dQ%26pageView%3d%26beginIndex%3d0%26searchTerm%3dmontefalco%26SearchKeyWord%3d,11.99,37782,None Available,
2638,2638,Cecchi Chianti 2015,https://www.finewineandgoodspirits.com/webapp/wcs/stores/servlet/ProductDisplay?catalogId=10051&storeId=10051&productId=1990100&langId=-1&partNumber=000044742prod&errorViewName=ProductDisplayErrorView&categoryId=1334028&top_category=1334028&parent_category_rn=1334028&urlLangId=&categoryType=Wines&fromURL=%2fwebapp%2fwcs%2fstores%2fservlet%2fCatalogSearchResultView%3fstoreId%3d10051%26catalogId%3d10051%26langId%3d-1%26categoryId%3d1334028%26categoryType%3d%26top_category%3d%26parent_category_rn%3d%26sortBy%3d5%26searchSource%3dE%26pageView%3d%26beginIndex%3d3090,10.39,44742,None Available,
2639,2639,Karas Red Blend Armavir 2015,https://www.finewineandgoodspirits.com/webapp/wcs/stores/servlet/ProductDisplay?catalogId=10051&storeId=10051&productId=1991032&langId=-1&partNumber=000037820prod&errorViewName=ProductDisplayErrorView&categoryId=1334028&top_category=1334028&parent_category_rn=1334028&urlLangId=&categoryType=Wines&fromURL=%2fwebapp%2fwcs%2fstores%2fservlet%2fCatalogSearchResultView%3fstoreId%3d10051%26catalogId%3d10051%26langId%3d-1%26categoryId%3d1334028%26categoryType%3d%26top_category%3d%26parent_category_rn%3d%26sortBy%3d5%26searchSource%3dE%26pageView%3d%26beginIndex%3d3090,11.99,37820,None Available,
2640,2640,Mas Fi Cava Brut Rose NV,https://www.finewineandgoodspirits.com/webapp/wcs/stores/servlet/ProductDisplay?catalogId=10051&storeId=10051&productId=1991050&langId=-1&partNumber=000037864prod&errorViewName=ProductDisplayErrorView&categoryId=1334028&top_category=1334028&parent_category_rn=1334028&urlLangId=&categoryType=Wines&fromURL=%2fwebapp%2fwcs%2fstores%2fservlet%2fCatalogSearchResultView%3fstoreId%3d10051%26catalogId%3d10051%26langId%3d-1%26categoryId%3d1334028%26categoryType%3d%26top_category%3d%26parent_category_rn%3d%26sortBy%3d5%26searchSource%3dE%26pageView%3d%26beginIndex%3d3090,9.59,37864,None Available,
2641,2641,Quevedo Oscar's Red Douro 2015,https://www.finewineandgoodspirits.com/webapp/wcs/stores/servlet/ProductDisplay?catalogId=10051&storeId=10051&productId=1991068&langId=-1&partNumber=000037885prod&errorViewName=ProductDisplayErrorView&categoryId=1334028&top_category=1334028&parent_category_rn=1334028&urlLangId=&categoryType=Wines&fromURL=%2fwebapp%2fwcs%2fstores%2fservlet%2fCatalogSearchResultView%3fstoreId%3d10051%26catalogId%3d10051%26langId%3d-1%26categoryId%3d1334028%26categoryType%3d%26top_category%3d%26parent_category_rn%3d%26sortBy%3d5%26searchSource%3dE%26pageView%3d%26beginIndex%3d3090,8.79,37885,None Available,
2642,2642,Bodegas Santalba Vina Hermosa Seleccion Tempranillo Rioja 2015,https://www.finewineandgoodspirits.com/webapp/wcs/stores/servlet/ProductDisplay?catalogId=10051&storeId=10051&productId=1991090&langId=-1&partNumber=000037897prod&errorViewName=ProductDisplayErrorView&categoryId=1334028&top_category=1334028&parent_category_rn=1334028&urlLangId=&categoryType=Wines&fromURL=%2fwebapp%2fwcs%2fstores%2fservlet%2fCatalogSearchResultView%3fstoreId%3d10051%26catalogId%3d10051%26langId%3d-1%26categoryId%3d1334028%26categoryType%3d%26top_category%3d%26parent_category_rn%3d%26sortBy%3d5%26searchSource%3dE%26pageView%3d%26beginIndex%3d3090,8.79,37897,None Available,
2643,2643,Bodegas Santalba Vina Hermosa Blanco Viura Rioja 2016,https://www.finewineandgoodspirits.com/webapp/wcs/stores/servlet/ProductDisplay?catalogId=10051&storeId=10051&productId=1991092&langId=-1&partNumber=000037898prod&errorViewName=ProductDisplayErrorView&categoryId=1334028&top_category=1334028&parent_category_rn=1334028&urlLangId=&categoryType=Wines&fromURL=%2fwebapp%2fwcs%2fstores%2fservlet%2fCatalogSearchResultView%3fstoreId%3d10051%26catalogId%3d10051%26langId%3d-1%26categoryId%3d1334028%26categoryType%3d%26top_category%3d%26parent_category_rn%3d%26sortBy%3d5%26searchSource%3dE%26pageView%3d%26beginIndex%3d3090,8.79,37898,None Available,
2644,2644,Bertani Velante Pinot Grigio Venezia Giulia 2016,https://www.finewineandgoodspirits.com/webapp/wcs/stores/servlet/ProductDisplay?catalogId=10051&storeId=10051&productId=1991130&langId=-1&partNumber=000044734prod&errorViewName=ProductDisplayErrorView&categoryId=1334028&top_category=1334028&parent_category_rn=1334028&urlLangId=&categoryType=Wines&fromURL=%2fwebapp%2fwcs%2fstores%2fservlet%2fCatalogSearchResultView%3fstoreId%3d10051%26catalogId%3d10051%26langId%3d-1%26categoryId%3d1334028%26categoryType%3d%26top_category%3d%26parent_category_rn%3d%26sortBy%3d5%26searchSource%3dE%26pageView%3d%26beginIndex%3d3090,10.39,44734,None Available,
2645,2645,642 Maremma Toscana Rosso Il Canapone 2015,https://www.finewineandgoodspirits.com/webapp/wcs/stores/servlet/ProductDisplay?catalogId=10051&storeId=10051&productId=1991150&langId=-1&partNumber=000044773prod&errorViewName=ProductDisplayErrorView&categoryId=1334028&top_category=1334028&parent_category_rn=1334028&urlLangId=&categoryType=Wines&fromURL=%2fwebapp%2fwcs%2fstores%2fservlet%2fCatalogSearchResultView%3fstoreId%3d10051%26catalogId%3d10051%26langId%3d-1%26categoryId%3d1334028%26categoryType%3d%26top_category%3d%26parent_category_rn%3d%26sortBy%3d5%26searchSource%3dE%26pageView%3d%26beginIndex%3d0,13.59,44773,None Available,
2646,2646,Vins De Terrer Novembre 2014,https://www.finewineandgoodspirits.com/webapp/wcs/stores/servlet/ProductDisplay?catalogId=10051&storeId=10051&productId=1991158&langId=-1&partNumber=000044779prod&errorViewName=ProductDisplayErrorView&categoryId=1334028&top_category=1334028&parent_category_rn=1334028&urlLangId=&categoryType=Wines&fromURL=%2fwebapp%2fwcs%2fstores%2fservlet%2fCatalogSearchResultView%3fstoreId%3d10051%26catalogId%3d10051%26langId%3d-1%26categoryId%3d1334028%26categoryType%3d%26top_category%3d%26parent_category_rn%3d%26sortBy%3d5%26searchSource%3dE%26pageView%3d%26beginIndex%3d3090,9.59,44779,None Available,
2647,2647,Nicolas Idiart Sancerre 2016,https://www.finewineandgoodspirits.com/webapp/wcs/stores/servlet/ProductDisplay?catalogId=10051&storeId=10051&productId=1991282&langId=-1&partNumber=000044940prod&errorViewName=ProductDisplayErrorView&categoryId=1334028&top_category=1334028&parent_category_rn=1334028&urlLangId=&categoryType=Wines&fromURL=%2fwebapp%2fwcs%2fstores%2fservlet%2fCatalogSearchResultView%3fstoreId%3d10051%26catalogId%3d10051%26langId%3d-1%26categoryId%3d1334028%26categoryType%3d%26top_category%3d%26parent_category_rn%3d%26sortBy%3d5%26searchSource%3dE%26pageView%3d%26beginIndex%3d3090,17.59,44940,None Available,
2648,2648,Bulgariana Gamza 2015 Thracian Valley,https://www.finewineandgoodspirits.com/webapp/wcs/stores/servlet/ProductDisplay?catalogId=10051&storeId=10051&productId=1992052&langId=-1&partNumber=000037831prod&errorViewName=ProductDisplayErrorView&categoryId=1334028&top_category=1334028&parent_category_rn=1334028&urlLangId=&categoryType=Wines&fromURL=%2fwebapp%2fwcs%2fstores%2fservlet%2fCatalogSearchResultView%3fstoreId%3d10051%26catalogId%3d10051%26langId%3d-1%26categoryId%3d1334028%26categoryType%3d%26top_category%3d%26parent_category_rn%3d%26sortBy%3d5%26searchSource%3dE%26pageView%3d%26beginIndex%3d3105,8.79,37831,None Available,
2649,2649,Altos de Cristimil Albarino 2016 Rias Baixas,https://www.finewineandgoodspirits.com/webapp/wcs/stores/servlet/ProductDisplay?catalogId=10051&storeId=10051&productId=1992066&langId=-1&partNumber=000037846prod&errorViewName=ProductDisplayErrorView&categoryId=1334028&top_category=1334028&parent_category_rn=1334028&urlLangId=&categoryType=Wines&fromURL=%2fwebapp%2fwcs%2fstores%2fservlet%2fCatalogSearchResultView%3fstoreId%3d10051%26catalogId%3d10051%26langId%3d-1%26categoryId%3d1334028%26categoryType%3d%26top_category%3d%26parent_category_rn%3d%26sortBy%3d5%26searchSource%3dE%26pageView%3d%26beginIndex%3d3105,11.99,37846,None Available,
2650,2650,Jean Hauteville Domaine des Coteaux du Val Lamartinien Macon Villages 2016,https://www.finewineandgoodspirits.com/webapp/wcs/stores/servlet/ProductDisplay?catalogId=10051&storeId=10051&productId=1992150&langId=-1&partNumber=000078790prod&errorViewName=ProductDisplayErrorView&categoryId=1334028&top_category=1334028&parent_category_rn=1334028&urlLangId=&categoryType=Wines&fromURL=%2fwebapp%2fwcs%2fstores%2fservlet%2fCatalogSearchResultView%3fstoreId%3d10051%26catalogId%3d10051%26langId%3d-1%26categoryId%3d1334028%26categoryType%3d%26top_category%3d%26parent_category_rn%3d%26sortBy%3d5%26searchSource%3dE%26pageView%3d%26beginIndex%3d3105,8.99,78790,None Available,
2651,2651,Tenimenti Ricci Brunello di Montalcino 2012,https://www.finewineandgoodspirits.com/webapp/wcs/stores/servlet/ProductDisplay?catalogId=10051&storeId=10051&productId=1992154&langId=-1&partNumber=000078793prod&errorViewName=ProductDisplayErrorView&categoryId=1333937&top_category=25588&parent_category_rn=1333936&urlLangId=&variety=Brunello&categoryType=Wines&fromURL=%2fwebapp%2fwcs%2fstores%2fservlet%2fCatalogSearchResultView%3fstoreId%3d10051%26catalogId%3d10051%26langId%3d-1%26categoryId%3d1333937%26variety%3dBrunello%26categoryType%3dWines%26top_category%3d%26parent_category_rn%3d%26sortBy%3d5%26searchSource%3dE%26pageView%3d%26beginIndex%3d45,23.99,78793,None Available,
2652,2652,Flaco Tempranillo 2016,https://www.finewineandgoodspirits.com/webapp/wcs/stores/servlet/ProductDisplay?catalogId=10051&storeId=10051&productId=1993028&langId=-1&partNumber=000043163prod&errorViewName=ProductDisplayErrorView&categoryId=1334028&top_category=1334028&parent_category_rn=1334028&urlLangId=&categoryType=Wines&fromURL=%2fwebapp%2fwcs%2fstores%2fservlet%2fCatalogSearchResultView%3fstoreId%3d10051%26catalogId%3d10051%26langId%3d-1%26categoryId%3d1334028%26categoryType%3d%26top_category%3d%26parent_category_rn%3d%26sortBy%3d5%26searchSource%3dE%26pageView%3d%26beginIndex%3d3105,7.99,43163,None Available,
2653,2653,Chasing Venus Sauvignon Blanc Marlborough 2016,https://www.finewineandgoodspirits.com/webapp/wcs/stores/servlet/ProductDisplay?catalogId=10051&storeId=10051&productId=1993052&langId=-1&partNumber=000044838prod&errorViewName=ProductDisplayErrorView&categoryId=1334028&top_category=1334028&parent_category_rn=1334028&urlLangId=&categoryType=Wines&fromURL=%2fwebapp%2fwcs%2fstores%2fservlet%2fCatalogSearchResultView%3fstoreId%3d10051%26catalogId%3d10051%26langId%3d-1%26categoryId%3d1334028%26categoryType%3d%26top_category%3d%26parent_category_rn%3d%26sortBy%3d5%26searchSource%3dE%26pageView%3d%26beginIndex%3d3105,12.79,44838,None Available,
2654,2654,Smoke Stack Sauvignon Blanc Marlborough 2015,https://www.finewineandgoodspirits.com/webapp/wcs/stores/servlet/ProductDisplay?catalogId=10051&storeId=10051&productId=1993068&langId=-1&partNumber=000044858prod&errorViewName=ProductDisplayErrorView&categoryId=1334028&top_category=1334028&parent_category_rn=1334028&urlLangId=&categoryType=Wines&fromURL=%2fwebapp%2fwcs%2fstores%2fservlet%2fCatalogSearchResultView%3fstoreId%3d10051%26catalogId%3d10051%26langId%3d-1%26categoryId%3d1334028%26categoryType%3d%26top_category%3d%26parent_category_rn%3d%26sortBy%3d5%26searchSource%3dE%26pageView%3d%26beginIndex%3d3105,9.59,44858,None Available,
2655,2655,Domaine Fournier Les Belles Vignes Sancerre Blanc 2016,https://www.finewineandgoodspirits.com/webapp/wcs/stores/servlet/ProductDisplay?catalogId=10051&storeId=10051&productId=1993080&langId=-1&partNumber=000044879prod&errorViewName=ProductDisplayErrorView&categoryId=1334028&top_category=1334028&parent_category_rn=1334028&urlLangId=&categoryType=Wines&fromURL=%2fwebapp%2fwcs%2fstores%2fservlet%2fCatalogSearchResultView%3fstoreId%3d10051%26catalogId%3d10051%26langId%3d-1%26categoryId%3d1334028%26categoryType%3d%26top_category%3d%26parent_category_rn%3d%26sortBy%3d5%26searchSource%3dE%26pageView%3d%26beginIndex%3d3105,19.99,44879,None Available,
2656,2656,Penley Estate Phoenix Cabernet Sauvignon Coonawarra 2015,https://www.finewineandgoodspirits.com/webapp/wcs/stores/servlet/ProductDisplay?catalogId=10051&storeId=10051&productId=1994084&langId=-1&partNumber=000044814prod&errorViewName=ProductDisplayErrorView&categoryId=1334028&top_category=1334028&parent_category_rn=1334028&urlLangId=&categoryType=Wines&fromURL=%2fwebapp%2fwcs%2fstores%2fservlet%2fCatalogSearchResultView%3fstoreId%3d10051%26catalogId%3d10051%26langId%3d-1%26categoryId%3d1334028%26categoryType%3d%26top_category%3d%26parent_category_rn%3d%26sortBy%3d5%26searchSource%3dE%26pageView%3d%26beginIndex%3d3105,15.99,44814,None Available,
2657,2657,Dearly Beloved Chardonnay,https://www.finewineandgoodspirits.com/webapp/wcs/stores/servlet/ProductDisplay?catalogId=10051&storeId=10051&productId=1999014&langId=-1&partNumber=000002396prod&errorViewName=ProductDisplayErrorView&categoryId=1334028&top_category=1334028&parent_category_rn=1334028&urlLangId=&categoryType=Wines&fromURL=%2fwebapp%2fwcs%2fstores%2fservlet%2fCatalogSearchResultView%3fstoreId%3d10051%26catalogId%3d10051%26langId%3d-1%26categoryId%3d1334028%26categoryType%3d%26top_category%3d%26parent_category_rn%3d%26sortBy%3d5%26searchSource%3dE%26pageView%3d%26beginIndex%3d3105,11.19,2396,None Available,
2658,2658,Velenosi Verdicchio dei Castelli di Jesi 2016,https://www.finewineandgoodspirits.com/webapp/wcs/stores/servlet/ProductDisplay?catalogId=10051&storeId=10051&productId=1999044&langId=-1&partNumber=000078753prod&errorViewName=ProductDisplayErrorView&categoryId=1334028&top_category=1334028&parent_category_rn=1334028&urlLangId=&categoryType=Wines&fromURL=%2fwebapp%2fwcs%2fstores%2fservlet%2fCatalogSearchResultView%3fstoreId%3d10051%26catalogId%3d10051%26langId%3d-1%26categoryId%3d1334028%26categoryType%3d%26top_category%3d%26parent_category_rn%3d%26sortBy%3d5%26searchSource%3dE%26pageView%3d%26beginIndex%3d3105,5.99,78753,None Available,
2659,2659,Josep Foraster Els Nanos Collita 2016 Conca de Barbera,https://www.finewineandgoodspirits.com/webapp/wcs/stores/servlet/ProductDisplay?catalogId=10051&storeId=10051&productId=2000048&langId=-1&partNumber=000037948prod&errorViewName=ProductDisplayErrorView&categoryId=1334028&top_category=1334028&parent_category_rn=1334028&urlLangId=&categoryType=Wines&fromURL=%2fwebapp%2fwcs%2fstores%2fservlet%2fCatalogSearchResultView%3fstoreId%3d10051%26catalogId%3d10051%26langId%3d-1%26categoryId%3d1334028%26categoryType%3d%26top_category%3d%26parent_category_rn%3d%26sortBy%3d5%26searchSource%3dE%26pageView%3d%26beginIndex%3d3105,9.59,37948,None Available,
2660,2660,Badel Malvazija Istarska 2013,https://www.finewineandgoodspirits.com/webapp/wcs/stores/servlet/ProductDisplay?catalogId=10051&storeId=10051&productId=2001066&langId=-1&partNumber=000039168prod&errorViewName=ProductDisplayErrorView&categoryId=1334028&top_category=1334028&parent_category_rn=1334028&urlLangId=&categoryType=Wines&fromURL=%2fwebapp%2fwcs%2fstores%2fservlet%2fCatalogSearchResultView%3fstoreId%3d10051%26catalogId%3d10051%26langId%3d-1%26categoryId%3d1334028%26categoryType%3d%26top_category%3d%26parent_category_rn%3d%26sortBy%3d5%26searchSource%3dE%26pageView%3d%26beginIndex%3d3105,8.79,39168,None Available,
2661,2661,Ezra Brooks Kentucky Straight Bourbon Whiskey Sour Mash PET 90 Proof,https://www.finewineandgoodspirits.com/webapp/wcs/stores/servlet/ProductDisplay?catalogId=10051&storeId=10051&productId=2008540&langId=-1&partNumber=000002366prod&errorViewName=ProductDisplayErrorView&categoryId=1334015&top_category=25208&parent_category_rn=1334013&urlLangId=&variety=Bourbon&categoryType=Spirits&fromURL=%2fwebapp%2fwcs%2fstores%2fservlet%2fCatalogSearchResultView%3fstoreId%3d10051%26catalogId%3d10051%26langId%3d-1%26categoryId%3d1334015%26variety%3dBourbon%26categoryType%3dSpirits%26top_category%3d%26parent_category_rn%3d%26sortBy%3d5%26searchSource%3dE%26pageView%3d%26beginIndex%3d270,9.59,2366,None Available,
2662,2662,Vidal Vineyards Cabernet Sauvignon Red Hills 2014,https://www.finewineandgoodspirits.com/webapp/wcs/stores/servlet/ProductDisplay?catalogId=10051&storeId=10051&productId=2010576&langId=-1&partNumber=000078739prod&errorViewName=ProductDisplayErrorView&categoryId=1334028&top_category=1334028&parent_category_rn=1334028&urlLangId=&categoryType=Wines&fromURL=%2fwebapp%2fwcs%2fstores%2fservlet%2fCatalogSearchResultView%3fstoreId%3d10051%26catalogId%3d10051%26langId%3d-1%26categoryId%3d1334028%26categoryType%3d%26top_category%3d%26parent_category_rn%3d%26sortBy%3d5%26searchSource%3dE%26pageView%3d%26beginIndex%3d3120,11.99,78739,None Available,
2663,2663,Chateau Grand Boise Saint Victoire Provence Rose 2016,https://www.finewineandgoodspirits.com/webapp/wcs/stores/servlet/ProductDisplay?catalogId=10051&storeId=10051&productId=2012522&langId=-1&partNumber=000044963prod&errorViewName=ProductDisplayErrorView&categoryId=1334028&top_category=1334028&parent_category_rn=1334028&urlLangId=&categoryType=Wines&fromURL=%2fwebapp%2fwcs%2fstores%2fservlet%2fCatalogSearchResultView%3fstoreId%3d10051%26catalogId%3d10051%26langId%3d-1%26categoryId%3d1334028%26categoryType%3d%26top_category%3d%26parent_category_rn%3d%26sortBy%3d5%26searchSource%3dE%26pageView%3d%26beginIndex%3d3120,8.99,44963,None Available,
2664,2664,GIFFT by Kathie Lee Gifford Red Blend Monterey County,https://www.finewineandgoodspirits.com/webapp/wcs/stores/servlet/ProductDisplay?catalogId=10051&storeId=10051&productId=2014566&langId=-1&partNumber=000002423prod&errorViewName=ProductDisplayErrorView&categoryId=&top_category=&parent_category_rn=&urlLangId=&categoryType=Wines&fromURL=%2fwebapp%2fwcs%2fstores%2fservlet%2fCatalogSearchResultView%3fstoreId%3d10051%26catalogId%3d10051%26langId%3d-1%26sType%3dSimpleSearch%26resultCatEntryType%3d2%26showResultsPage%3dtrue%26pageSize%3d15%26sortBy%3d5%26searchSource%3dQ%26pageView%3d%26beginIndex%3d0%26searchTerm%3dlee%26SearchKeyWord%3d,10.39,2423,None Available,
2665,2665,Zantho Saint Laurent Burgenland 2011,https://www.finewineandgoodspirits.com/webapp/wcs/stores/servlet/ProductDisplay?catalogId=10051&storeId=10051&productId=2015566&langId=-1&partNumber=000044970prod&errorViewName=ProductDisplayErrorView&categoryId=1334028&top_category=1334028&parent_category_rn=1334028&urlLangId=&categoryType=Wines&fromURL=%2fwebapp%2fwcs%2fstores%2fservlet%2fCatalogSearchResultView%3fstoreId%3d10051%26catalogId%3d10051%26langId%3d-1%26categoryId%3d1334028%26categoryType%3d%26top_category%3d%26parent_category_rn%3d%26sortBy%3d5%26searchSource%3dE%26pageView%3d%26beginIndex%3d3120,12.79,44970,None Available,
2666,2666,Columbia Crest Syrah Columbia Valley Grand Estates 2015,https://www.finewineandgoodspirits.com/webapp/wcs/stores/servlet/ProductDisplay?catalogId=10051&storeId=10051&productId=2016586&langId=-1&partNumber=000045484prod&errorViewName=ProductDisplayErrorView&categoryId=1334028&top_category=1334028&parent_category_rn=1334028&urlLangId=&categoryType=Wines&fromURL=%2fwebapp%2fwcs%2fstores%2fservlet%2fCatalogSearchResultView%3fstoreId%3d10051%26catalogId%3d10051%26langId%3d-1%26categoryId%3d1334028%26categoryType%3d%26top_category%3d%26parent_category_rn%3d%26sortBy%3d5%26searchSource%3dE%26pageView%3d%26beginIndex%3d3120,10.39,45484,None Available,
2667,2667,Fess Parker Syrah Santa Barbara County 2014,https://www.finewineandgoodspirits.com/webapp/wcs/stores/servlet/ProductDisplay?catalogId=10051&storeId=10051&productId=2016646&langId=-1&partNumber=000047511prod&errorViewName=ProductDisplayErrorView&categoryId=1334029&top_category=1334028&parent_category_rn=1334028&urlLangId=&categoryType=Wines&fromURL=%2fwebapp%2fwcs%2fstores%2fservlet%2fCatalogSearchResultView%3fstoreId%3d10051%26catalogId%3d10051%26langId%3d-1%26categoryId%3d1334029%26categoryType%3d%26top_category%3d%26parent_category_rn%3d%26sortBy%3d5%26searchSource%3dE%26pageView%3d%26beginIndex%3d0,19.19,47511,None Available,
2668,2668,McManis Family Vineyards Viognier 2016,https://www.finewineandgoodspirits.com/webapp/wcs/stores/servlet/ProductDisplay?catalogId=10051&storeId=10051&productId=2019578&langId=-1&partNumber=000047973prod&errorViewName=ProductDisplayErrorView&categoryId=1334028&top_category=1334028&parent_category_rn=1334028&urlLangId=&categoryType=Wines&fromURL=%2fwebapp%2fwcs%2fstores%2fservlet%2fCatalogSearchResultView%3fstoreId%3d10051%26catalogId%3d10051%26langId%3d-1%26categoryId%3d1334028%26categoryType%3d%26top_category%3d%26parent_category_rn%3d%26sortBy%3d5%26searchSource%3dE%26pageView%3d%26beginIndex%3d3120,10.39,47973,None Available,
2669,2669,Steele Canyon Pinot Noir Napa Valley 2013,https://www.finewineandgoodspirits.com/webapp/wcs/stores/servlet/ProductDisplay?catalogId=10051&storeId=10051&productId=2019604&langId=-1&partNumber=000048143prod&errorViewName=ProductDisplayErrorView&categoryId=1334028&top_category=1334028&parent_category_rn=1334028&urlLangId=&categoryType=Wines&fromURL=%2fwebapp%2fwcs%2fstores%2fservlet%2fCatalogSearchResultView%3fstoreId%3d10051%26catalogId%3d10051%26langId%3d-1%26categoryId%3d1334028%26categoryType%3d%26top_category%3d%26parent_category_rn%3d%26sortBy%3d5%26searchSource%3dE%26pageView%3d%26beginIndex%3d3120,17.59,48143,None Available,
2670,2670,Banshee Pinot Noir Sonoma County 2015,https://www.finewineandgoodspirits.com/webapp/wcs/stores/servlet/ProductDisplay?catalogId=10051&storeId=10051&productId=2021580&langId=-1&partNumber=000049083prod&errorViewName=ProductDisplayErrorView&categoryId=1334028&top_category=1334028&parent_category_rn=1334028&urlLangId=&categoryType=Wines&fromURL=%2fwebapp%2fwcs%2fstores%2fservlet%2fCatalogSearchResultView%3fstoreId%3d10051%26catalogId%3d10051%26langId%3d-1%26categoryId%3d1334028%26categoryType%3d%26top_category%3d%26parent_category_rn%3d%26sortBy%3d5%26searchSource%3dE%26pageView%3d%26beginIndex%3d3120,19.99,49083,None Available,
2671,2671,William Fevre Chablis 1er Cru Fourchaume 2015,https://www.finewineandgoodspirits.com/webapp/wcs/stores/servlet/ProductDisplay?catalogId=10051&storeId=10051&productId=2037610&langId=-1&partNumber=000049252prod&errorViewName=ProductDisplayErrorView&categoryId=1334028&top_category=1334028&parent_category_rn=1334028&urlLangId=&categoryType=Wines&fromURL=%2fwebapp%2fwcs%2fstores%2fservlet%2fCatalogSearchResultView%3fstoreId%3d10051%26catalogId%3d10051%26langId%3d-1%26categoryId%3d1334028%26categoryType%3d%26top_category%3d%26parent_category_rn%3d%26sortBy%3d5%26searchSource%3dE%26pageView%3d%26beginIndex%3d3120,22.39,49252,None Available,
2672,2672,Decoy Red Blend Sonoma County 2015,https://www.finewineandgoodspirits.com/webapp/wcs/stores/servlet/ProductDisplay?catalogId=10051&storeId=10051&productId=2084714&langId=-1&partNumber=000073705prod&errorViewName=ProductDisplayErrorView&categoryId=1334028&top_category=1334028&parent_category_rn=1334028&urlLangId=&categoryType=Wines&fromURL=%2fwebapp%2fwcs%2fstores%2fservlet%2fCatalogSearchResultView%3fstoreId%3d10051%26catalogId%3d10051%26langId%3d-1%26categoryId%3d1334028%26categoryType%3d%26top_category%3d%26parent_category_rn%3d%26sortBy%3d5%26searchSource%3dE%26pageView%3d%26beginIndex%3d3135,17.59,73705,None Available,
2673,2673,Chateau Kefraya Les Breteches Rouge Bekaa Valley 2013,https://www.finewineandgoodspirits.com/webapp/wcs/stores/servlet/ProductDisplay?catalogId=10051&storeId=10051&productId=2086722&langId=-1&partNumber=000073745prod&errorViewName=ProductDisplayErrorView&categoryId=1334028&top_category=1334028&parent_category_rn=1334028&urlLangId=&categoryType=Wines&fromURL=%2fwebapp%2fwcs%2fstores%2fservlet%2fCatalogSearchResultView%3fstoreId%3d10051%26catalogId%3d10051%26langId%3d-1%26categoryId%3d1334028%26categoryType%3d%26top_category%3d%26parent_category_rn%3d%26sortBy%3d5%26searchSource%3dE%26pageView%3d%26beginIndex%3d3135,10.39,73745,None Available,
2674,2674,La Spinetta Il Rosso di Casanova Sangiovese Toscana 2013,https://www.finewineandgoodspirits.com/webapp/wcs/stores/servlet/ProductDisplay?catalogId=10051&storeId=10051&productId=2089734&langId=-1&partNumber=000078826prod&errorViewName=ProductDisplayErrorView&categoryId=&top_category=&parent_category_rn=&urlLangId=&categoryType=Wines&fromURL=%2fwebapp%2fwcs%2fstores%2fservlet%2fCatalogSearchResultView%3fstoreId%3d10051%26catalogId%3d10051%26langId%3d-1%26sType%3dSimpleSearch%26resultCatEntryType%3d2%26showResultsPage%3dtrue%26pageSize%3d15%26sortBy%3d5%26searchSource%3dQ%26pageView%3d%26beginIndex%3d0%26searchTerm%3dla%2bspinetta%26SearchKeyWord%3d,11.99,78826,None Available,
2675,2675,Norma Jeane Merlot Paso Robles 2016,https://www.finewineandgoodspirits.com/webapp/wcs/stores/servlet/ProductDisplay?catalogId=10051&storeId=10051&productId=2100772&langId=-1&partNumber=000073786prod&errorViewName=ProductDisplayErrorView&categoryId=1334028&top_category=1334028&parent_category_rn=1334028&urlLangId=&categoryType=Wines&fromURL=%2fwebapp%2fwcs%2fstores%2fservlet%2fCatalogSearchResultView%3fstoreId%3d10051%26catalogId%3d10051%26langId%3d-1%26categoryId%3d1334028%26categoryType%3d%26top_category%3d%26parent_category_rn%3d%26sortBy%3d5%26searchSource%3dE%26pageView%3d%26beginIndex%3d3135,10.39,73786,None Available,
2676,2676,Cultivate Pinot Noir Monterey County 2015,https://www.finewineandgoodspirits.com/webapp/wcs/stores/servlet/ProductDisplay?catalogId=10051&storeId=10051&productId=2101808&langId=-1&partNumber=000078838prod&errorViewName=ProductDisplayErrorView&categoryId=1333947&top_category=25588&parent_category_rn=1333936&urlLangId=&variety=Pinot+Noir&categoryType=Wines&fromURL=%2fwebapp%2fwcs%2fstores%2fservlet%2fCatalogSearchResultView%3fstoreId%3d10051%26catalogId%3d10051%26langId%3d-1%26categoryId%3d1333947%26variety%3dPinot%2bNoir%26categoryType%3dWines%26top_category%3d%26parent_category_rn%3d%26sortBy%3d5%26searchSource%3dE%26pageView%3d%26beginIndex%3d0,10.39,78838,None Available,
2677,2677,Simi Chardonnay Russian River Valley Reserve 2014,https://www.finewineandgoodspirits.com/webapp/wcs/stores/servlet/ProductDisplay?catalogId=10051&storeId=10051&productId=2101812&langId=-1&partNumber=000078840prod&errorViewName=ProductDisplayErrorView&categoryId=1334045&top_category=1334043&parent_category_rn=1334044&urlLangId=&categoryType=Wines&fromURL=%2fwebapp%2fwcs%2fstores%2fservlet%2fCatalogSearchResultView%3fstoreId%3d10051%26catalogId%3d10051%26langId%3d-1%26categoryId%3d1334045%26categoryType%3d%26top_category%3d%26parent_category_rn%3d%26sortBy%3d5%26searchSource%3dE%26pageView%3d%26beginIndex%3d315,12.79,78840,None Available,
2678,2678,Areao Prestige Red Tejo 2015,https://www.finewineandgoodspirits.com/webapp/wcs/stores/servlet/ProductDisplay?catalogId=10051&storeId=10051&productId=2106266&langId=-1&partNumber=000037893prod&errorViewName=ProductDisplayErrorView&categoryId=1334028&top_category=1334028&parent_category_rn=1334028&urlLangId=&categoryType=Wines&fromURL=%2fwebapp%2fwcs%2fstores%2fservlet%2fCatalogSearchResultView%3fstoreId%3d10051%26catalogId%3d10051%26langId%3d-1%26categoryId%3d1334028%26categoryType%3d%26top_category%3d%26parent_category_rn%3d%26sortBy%3d5%26searchSource%3dE%26pageView%3d%26beginIndex%3d3135,7.99,37893,None Available,
2679,2679,Estancia Vineyards Merlot Central Coast 2016,https://www.finewineandgoodspirits.com/webapp/wcs/stores/servlet/ProductDisplay?catalogId=10051&storeId=10051&productId=2120318&langId=-1&partNumber=000035081prod&errorViewName=ProductDisplayErrorView&categoryId=1334028&top_category=1334028&parent_category_rn=1334028&urlLangId=&categoryType=Wines&fromURL=%2fwebapp%2fwcs%2fstores%2fservlet%2fCatalogSearchResultView%3fstoreId%3d10051%26catalogId%3d10051%26langId%3d-1%26categoryId%3d1334028%26categoryType%3d%26top_category%3d%26parent_category_rn%3d%26sortBy%3d5%26searchSource%3dE%26pageView%3d%26beginIndex%3d3135,6.39,35081,None Available,
2680,2680,M Chapoutier Belleruche Rose Cotes du Rhone 2017,https://www.finewineandgoodspirits.com/webapp/wcs/stores/servlet/ProductDisplay?catalogId=10051&storeId=10051&productId=2120332&langId=-1&partNumber=000073914prod&errorViewName=ProductDisplayErrorView&categoryId=1334028&top_category=1334028&parent_category_rn=1334028&urlLangId=&categoryType=Wines&fromURL=%2fwebapp%2fwcs%2fstores%2fservlet%2fCatalogSearchResultView%3fstoreId%3d10051%26catalogId%3d10051%26langId%3d-1%26categoryId%3d1334028%26categoryType%3d%26top_category%3d%26parent_category_rn%3d%26sortBy%3d5%26searchSource%3dE%26pageView%3d%26beginIndex%3d3135,11.19,73914,None Available,
2681,2681,Lagar Da Condesa Kentia Albarino Rias Baixas 2016,https://www.finewineandgoodspirits.com/webapp/wcs/stores/servlet/ProductDisplay?catalogId=10051&storeId=10051&productId=2135328&langId=-1&partNumber=000074390prod&errorViewName=ProductDisplayErrorView&categoryId=1334028&top_category=1334028&parent_category_rn=1334028&urlLangId=&categoryType=Wines&fromURL=%2fwebapp%2fwcs%2fstores%2fservlet%2fCatalogSearchResultView%3fstoreId%3d10051%26catalogId%3d10051%26langId%3d-1%26categoryId%3d1334028%26categoryType%3d%26top_category%3d%26parent_category_rn%3d%26sortBy%3d5%26searchSource%3dE%26pageView%3d%26beginIndex%3d3135,10.39,74390,None Available,
2682,2682,Arbor Mist Pineapple Coconut Margarita 4x250 mL Cans,https://www.finewineandgoodspirits.com/webapp/wcs/stores/servlet/ProductDisplay?catalogId=10051&storeId=10051&productId=2150866&langId=-1&partNumber=000000102prod&errorViewName=ProductDisplayErrorView&categoryId=1334030&top_category=1334028&parent_category_rn=1334028&urlLangId=&categoryType=Spirits&fromURL=%2fwebapp%2fwcs%2fstores%2fservlet%2fCatalogSearchResultView%3fstoreId%3d10051%26catalogId%3d10051%26langId%3d-1%26categoryId%3d1334030%26categoryType%3d%26top_category%3d%26parent_category_rn%3d%26sortBy%3d5%26searchSource%3dE%26pageView%3d%26beginIndex%3d225,4.19,102,None Available,
2683,2683,Arbor Mist Strawberry Margarita 4x250 mL Cans,https://www.finewineandgoodspirits.com/webapp/wcs/stores/servlet/ProductDisplay?catalogId=10051&storeId=10051&productId=2150868&langId=-1&partNumber=000000103prod&errorViewName=ProductDisplayErrorView&categoryId=1334028&top_category=1334028&parent_category_rn=1334028&urlLangId=&categoryType=Spirits&fromURL=%2fwebapp%2fwcs%2fstores%2fservlet%2fCatalogSearchResultView%3fstoreId%3d10051%26catalogId%3d10051%26langId%3d-1%26categoryId%3d1334028%26categoryType%3d%26top_category%3d%26parent_category_rn%3d%26sortBy%3d5%26searchSource%3dE%26pageView%3d%26beginIndex%3d3135,4.19,103,None Available,
2684,2684,Banfi La Pettegola Vermentino Maremma 2017,https://www.finewineandgoodspirits.com/webapp/wcs/stores/servlet/ProductDisplay?catalogId=10051&storeId=10051&productId=2158418&langId=-1&partNumber=000074730prod&errorViewName=ProductDisplayErrorView&categoryId=1334028&top_category=1334028&parent_category_rn=1334028&urlLangId=&categoryType=Wines&fromURL=%2fwebapp%2fwcs%2fstores%2fservlet%2fCatalogSearchResultView%3fstoreId%3d10051%26catalogId%3d10051%26langId%3d-1%26categoryId%3d1334028%26categoryType%3d%26top_category%3d%26parent_category_rn%3d%26sortBy%3d5%26searchSource%3dE%26pageView%3d%26beginIndex%3d3150,11.99,74730,None Available,
2685,2685,Caparzo Rosso Sangiovese Toscana 2016,https://www.finewineandgoodspirits.com/webapp/wcs/stores/servlet/ProductDisplay?catalogId=10051&storeId=10051&productId=2192974&langId=-1&partNumber=000075097prod&errorViewName=ProductDisplayErrorView&categoryId=1334028&top_category=1334028&parent_category_rn=1334028&urlLangId=&categoryType=Wines&fromURL=%2fwebapp%2fwcs%2fstores%2fservlet%2fCatalogSearchResultView%3fstoreId%3d10051%26catalogId%3d10051%26langId%3d-1%26categoryId%3d1334028%26categoryType%3d%26top_category%3d%26parent_category_rn%3d%26sortBy%3d5%26searchSource%3dE%26pageView%3d%26beginIndex%3d3150,8.79,75097,None Available,
2686,2686,Bouquet Dry Riesling Sonoma County 2014,https://www.finewineandgoodspirits.com/webapp/wcs/stores/servlet/ProductDisplay?catalogId=10051&storeId=10051&productId=2196512&langId=-1&partNumber=000078884prod&errorViewName=ProductDisplayErrorView&categoryId=1334028&top_category=1334028&parent_category_rn=1334028&urlLangId=&categoryType=Wines&fromURL=%2fwebapp%2fwcs%2fstores%2fservlet%2fCatalogSearchResultView%3fstoreId%3d10051%26catalogId%3d10051%26langId%3d-1%26categoryId%3d1334028%26categoryType%3d%26top_category%3d%26parent_category_rn%3d%26sortBy%3d5%26searchSource%3dE%26pageView%3d%26beginIndex%3d0,5.39,78884,None Available,
2687,2687,Schild Estate Shiraz Barossa Valley 2014,https://www.finewineandgoodspirits.com/webapp/wcs/stores/servlet/ProductDisplay?catalogId=10051&storeId=10051&productId=2209072&langId=-1&partNumber=000078891prod&errorViewName=ProductDisplayErrorView&categoryId=1334028&top_category=1334028&parent_category_rn=1334028&urlLangId=&categoryType=Wines&fromURL=%2fwebapp%2fwcs%2fstores%2fservlet%2fCatalogSearchResultView%3fstoreId%3d10051%26catalogId%3d10051%26langId%3d-1%26categoryId%3d1334028%26categoryType%3d%26top_category%3d%26parent_category_rn%3d%26sortBy%3d5%26searchSource%3dE%26pageView%3d%26beginIndex%3d2970,10.39,78891,None Available,
2688,2688,Red Newt Circle Riesling Finger Lakes 2016,https://www.finewineandgoodspirits.com/webapp/wcs/stores/servlet/ProductDisplay?catalogId=10051&storeId=10051&productId=2211964&langId=-1&partNumber=000075594prod&errorViewName=ProductDisplayErrorView&categoryId=1334028&top_category=1334028&parent_category_rn=1334028&urlLangId=&categoryType=Wines&fromURL=%2fwebapp%2fwcs%2fstores%2fservlet%2fCatalogSearchResultView%3fstoreId%3d10051%26catalogId%3d10051%26langId%3d-1%26categoryId%3d1334028%26categoryType%3d%26top_category%3d%26parent_category_rn%3d%26sortBy%3d5%26searchSource%3dE%26pageView%3d%26beginIndex%3d3150,11.99,75594,None Available,
2689,2689,Marilyn Merlot Napa Valley 2016,https://www.finewineandgoodspirits.com/webapp/wcs/stores/servlet/ProductDisplay?catalogId=10051&storeId=10051&productId=2225584&langId=-1&partNumber=000075685prod&errorViewName=ProductDisplayErrorView&categoryId=1334028&top_category=1334028&parent_category_rn=1334028&urlLangId=&categoryType=Wines&fromURL=%2fwebapp%2fwcs%2fstores%2fservlet%2fCatalogSearchResultView%3fstoreId%3d10051%26catalogId%3d10051%26langId%3d-1%26categoryId%3d1334028%26categoryType%3d%26top_category%3d%26parent_category_rn%3d%26sortBy%3d5%26searchSource%3dE%26pageView%3d%26beginIndex%3d3150,23.99,75685,None Available,
2690,2690,Chateau de Lacarelle Beaujolais Villages 2017,https://www.finewineandgoodspirits.com/webapp/wcs/stores/servlet/ProductDisplay?catalogId=10051&storeId=10051&productId=2232100&langId=-1&partNumber=000075883prod&errorViewName=ProductDisplayErrorView&categoryId=1334028&top_category=1334028&parent_category_rn=1334028&urlLangId=&categoryType=Wines&fromURL=%2fwebapp%2fwcs%2fstores%2fservlet%2fCatalogSearchResultView%3fstoreId%3d10051%26catalogId%3d10051%26langId%3d-1%26categoryId%3d1334028%26categoryType%3d%26top_category%3d%26parent_category_rn%3d%26sortBy%3d5%26searchSource%3dE%26pageView%3d%26beginIndex%3d3150,11.19,75883,None Available,
2691,2691,Humble Bunch Sauvignon Blanc Marlborough 2017,https://www.finewineandgoodspirits.com/webapp/wcs/stores/servlet/ProductDisplay?catalogId=10051&storeId=10051&productId=2240094&langId=-1&partNumber=000078907prod&errorViewName=ProductDisplayErrorView&categoryId=1334028&top_category=1334028&parent_category_rn=1334028&urlLangId=&categoryType=Wines&fromURL=%2fwebapp%2fwcs%2fstores%2fservlet%2fCatalogSearchResultView%3fstoreId%3d10051%26catalogId%3d10051%26langId%3d-1%26categoryId%3d1334028%26categoryType%3d%26top_category%3d%26parent_category_rn%3d%26sortBy%3d5%26searchSource%3dE%26pageView%3d%26beginIndex%3d3150,7.99,78907,None Available,
2692,2692,Van Gogh Double Espresso Vodka 70 Proof with Coffee Beans,https://www.finewineandgoodspirits.com/webapp/wcs/stores/servlet/ProductDisplay?catalogId=10051&storeId=10051&productId=2244086&langId=-1&partNumber=000000279prod&errorViewName=ProductDisplayErrorView&categoryId=1334012&top_category=25208&parent_category_rn=1334010&urlLangId=&variety=Flavored+Vodka&categoryType=Spirits&fromURL=%2fwebapp%2fwcs%2fstores%2fservlet%2fCatalogSearchResultView%3fstoreId%3d10051%26catalogId%3d10051%26langId%3d-1%26categoryId%3d1334012%26variety%3dFlavored%2bVodka%26categoryType%3dSpirits%26top_category%3d%26parent_category_rn%3d%26sortBy%3d5%26searchSource%3dE%26pageView%3d%26beginIndex%3d585,17.59,279,None Available,
2693,2693,Kendall Jackson Grand Reserve Rose Sonoma County 2016,https://www.finewineandgoodspirits.com/webapp/wcs/stores/servlet/ProductDisplay?catalogId=10051&storeId=10051&productId=2244110&langId=-1&partNumber=000078910prod&errorViewName=ProductDisplayErrorView&categoryId=1334028&top_category=1334028&parent_category_rn=1334028&urlLangId=&categoryType=Wines&fromURL=%2fwebapp%2fwcs%2fstores%2fservlet%2fCatalogSearchResultView%3fstoreId%3d10051%26catalogId%3d10051%26langId%3d-1%26categoryId%3d1334028%26categoryType%3d%26top_category%3d%26parent_category_rn%3d%26sortBy%3d5%26searchSource%3dE%26pageView%3d%26beginIndex%3d3150,7.19,78910,None Available,
2694,2694,Chateau Lauriga Rose Cotes du Roussillon 2017,https://www.finewineandgoodspirits.com/webapp/wcs/stores/servlet/ProductDisplay?catalogId=10051&storeId=10051&productId=2270126&langId=-1&partNumber=000078933prod&errorViewName=ProductDisplayErrorView&categoryId=1334028&top_category=1334028&parent_category_rn=1334028&urlLangId=&categoryType=Wines&fromURL=%2fwebapp%2fwcs%2fstores%2fservlet%2fCatalogSearchResultView%3fstoreId%3d10051%26catalogId%3d10051%26langId%3d-1%26categoryId%3d1334028%26categoryType%3d%26top_category%3d%26parent_category_rn%3d%26sortBy%3d5%26searchSource%3dE%26pageView%3d%26beginIndex%3d3150,7.99,78933,None Available,
2695,2695,Poggio dell'Otto Brunello di Montalcino 2013,https://www.finewineandgoodspirits.com/webapp/wcs/stores/servlet/ProductDisplay?catalogId=10051&storeId=10051&productId=2278188&langId=-1&partNumber=000078942prod&errorViewName=ProductDisplayErrorView&categoryId=1334028&top_category=1334028&parent_category_rn=1334028&urlLangId=&categoryType=Wines&fromURL=%2fwebapp%2fwcs%2fstores%2fservlet%2fCatalogSearchResultView%3fstoreId%3d10051%26catalogId%3d10051%26langId%3d-1%26categoryId%3d1334028%26categoryType%3d%26top_category%3d%26parent_category_rn%3d%26sortBy%3d5%26searchSource%3dE%26pageView%3d%26beginIndex%3d3165,23.99,78942,None Available,
2696,2696,Stark Conde Cabernet Sauvignon Stellenbosch 2015,https://www.finewineandgoodspirits.com/webapp/wcs/stores/servlet/ProductDisplay?catalogId=10051&storeId=10051&productId=2286166&langId=-1&partNumber=000076882prod&errorViewName=ProductDisplayErrorView&categoryId=1334028&top_category=1334028&parent_category_rn=1334028&urlLangId=&categoryType=Wines&fromURL=%2fwebapp%2fwcs%2fstores%2fservlet%2fCatalogSearchResultView%3fstoreId%3d10051%26catalogId%3d10051%26langId%3d-1%26categoryId%3d1334028%26categoryType%3d%26top_category%3d%26parent_category_rn%3d%26sortBy%3d5%26searchSource%3dE%26pageView%3d%26beginIndex%3d3165,22.39,76882,None Available,
2697,2697,Domaine de Pouy Blanc Cotes de Gascogne 2017,https://www.finewineandgoodspirits.com/webapp/wcs/stores/servlet/ProductDisplay?catalogId=10051&storeId=10051&productId=2327772&langId=-1&partNumber=000077303prod&errorViewName=ProductDisplayErrorView&categoryId=1334028&top_category=1334028&parent_category_rn=1334028&urlLangId=&categoryType=Wines&fromURL=%2fwebapp%2fwcs%2fstores%2fservlet%2fCatalogSearchResultView%3fstoreId%3d10051%26catalogId%3d10051%26langId%3d-1%26categoryId%3d1334028%26categoryType%3d%26top_category%3d%26parent_category_rn%3d%26sortBy%3d5%26searchSource%3dE%26pageView%3d%26beginIndex%3d3165,8.79,77303,None Available,
2698,2698,Lieb Cellars Right Coast Red North Fork Long Island 2010,https://www.finewineandgoodspirits.com/webapp/wcs/stores/servlet/ProductDisplay?catalogId=10051&storeId=10051&productId=2432584&langId=-1&partNumber=000031635prod&errorViewName=ProductDisplayErrorView&categoryId=1334028&top_category=1334028&parent_category_rn=1334028&urlLangId=&categoryType=Wines&fromURL=%2fwebapp%2fwcs%2fstores%2fservlet%2fCatalogSearchResultView%3fstoreId%3d10051%26catalogId%3d10051%26langId%3d-1%26categoryId%3d1334028%26categoryType%3d%26top_category%3d%26parent_category_rn%3d%26sortBy%3d5%26searchSource%3dE%26pageView%3d%26beginIndex%3d3165,19.99,31635,None Available,
2699,2699,Real Companhia Velha Douro Porca de Murca 2013,https://www.finewineandgoodspirits.com/webapp/wcs/stores/servlet/ProductDisplay?catalogId=10051&storeId=10051&productId=2432646&langId=-1&partNumber=000044301prod&errorViewName=ProductDisplayErrorView&categoryId=1334028&top_category=1334028&parent_category_rn=1334028&urlLangId=&categoryType=Wines&fromURL=%2fwebapp%2fwcs%2fstores%2fservlet%2fCatalogSearchResultView%3fstoreId%3d10051%26catalogId%3d10051%26langId%3d-1%26categoryId%3d1334028%26categoryType%3d%26top_category%3d%26parent_category_rn%3d%26sortBy%3d5%26searchSource%3dE%26pageView%3d%26beginIndex%3d3165,9.59,44301,None Available,
