,Unnamed: 0,Unnamed: 0.1,product,link,Price,PartNumber,OnlineStock,StoreURL,6526,0247,9213,0220,0224
0,0,0,Stephen Vincent Pinot Noir Sonoma County 2013,https://www.finewineandgoodspirits.com/webapp/wcs/stores/servlet/ProductDisplay?catalogId=10051&storeId=10051&productId=1801366&langId=-1&partNumber=000072804prod&errorViewName=ProductDisplayErrorView&categoryId=1334028&top_category=1334028&parent_category_rn=1334028&urlLangId=&categoryType=Wines&fromURL=%2fwebapp%2fwcs%2fstores%2fservlet%2fCatalogSearchResultView%3fstoreId%3d10051%26catalogId%3d10051%26langId%3d-1%26categoryId%3d1334028%26categoryType%3d%26top_category%3d%26parent_category_rn%3d%26sortBy%3d5%26searchSource%3dE%26pageView%3d%26beginIndex%3d0,10.39,72804,1 AVAILABLE,,None available,None available,None available,None available,None available
1,5,5,Recanati White Israel Reserve 2011,https://www.finewineandgoodspirits.com/webapp/wcs/stores/servlet/ProductDisplay?catalogId=10051&storeId=10051&productId=1959024&langId=-1&partNumber=000043454prod&errorViewName=ProductDisplayErrorView&categoryId=1334028&top_category=1334028&parent_category_rn=1334028&urlLangId=&categoryType=Wines&fromURL=%2fwebapp%2fwcs%2fstores%2fservlet%2fCatalogSearchResultView%3fstoreId%3d10051%26catalogId%3d10051%26langId%3d-1%26categoryId%3d1334028%26categoryType%3d%26top_category%3d%26parent_category_rn%3d%26sortBy%3d5%26searchSource%3dE%26pageView%3d%26beginIndex%3d0,22.49,43454,2 AVAILABLE,,None available,None available,None available,None available,None available
2,6,6,Bodegas Ateca Atteca Calatayud 2014,https://www.finewineandgoodspirits.com/webapp/wcs/stores/servlet/ProductDisplay?catalogId=10051&storeId=10051&productId=1961178&langId=-1&partNumber=000044667prod&errorViewName=ProductDisplayErrorView&categoryId=1334028&top_category=1334028&parent_category_rn=1334028&urlLangId=&categoryType=Wines&fromURL=%2fwebapp%2fwcs%2fstores%2fservlet%2fCatalogSearchResultView%3fstoreId%3d10051%26catalogId%3d10051%26langId%3d-1%26categoryId%3d1334028%26categoryType%3d%26top_category%3d%26parent_category_rn%3d%26sortBy%3d5%26searchSource%3dE%26pageView%3d%26beginIndex%3d0,14.39,44667,1 AVAILABLE,,None available,None available,None available,None available,None available
3,7,7,Roco Chardonnay Willamette Valley Oregon 2013,https://www.finewineandgoodspirits.com/webapp/wcs/stores/servlet/ProductDisplay?catalogId=10051&storeId=10051&productId=1963608&langId=-1&partNumber=000047294prod&errorViewName=ProductDisplayErrorView&categoryId=1334028&top_category=1334028&parent_category_rn=1334028&urlLangId=&categoryType=Wines&fromURL=%2fwebapp%2fwcs%2fstores%2fservlet%2fCatalogSearchResultView%3fstoreId%3d10051%26catalogId%3d10051%26langId%3d-1%26categoryId%3d1334028%26categoryType%3d%26top_category%3d%26parent_category_rn%3d%26sortBy%3d5%26searchSource%3dE%26pageView%3d%26beginIndex%3d0,19.99,47294,1 AVAILABLE,,None available,None available,None available,None available,None available
4,8,8,Chateau Le Petit Chaban Bordeaux 2014,https://www.finewineandgoodspirits.com/webapp/wcs/stores/servlet/ProductDisplay?catalogId=10051&storeId=10051&productId=1967912&langId=-1&partNumber=000072843prod&errorViewName=ProductDisplayErrorView&categoryId=1334028&top_category=1334028&parent_category_rn=1334028&urlLangId=&categoryType=Wines&fromURL=%2fwebapp%2fwcs%2fstores%2fservlet%2fCatalogSearchResultView%3fstoreId%3d10051%26catalogId%3d10051%26langId%3d-1%26categoryId%3d1334028%26categoryType%3d%26top_category%3d%26parent_category_rn%3d%26sortBy%3d5%26searchSource%3dE%26pageView%3d%26beginIndex%3d0,15.19,72843,1 AVAILABLE,,None available,None available,None available,None available,None available
5,10,10,Vins De Terrer Novembre 2014,https://www.finewineandgoodspirits.com/webapp/wcs/stores/servlet/ProductDisplay?catalogId=10051&storeId=10051&productId=1991158&langId=-1&partNumber=000044779prod&errorViewName=ProductDisplayErrorView&categoryId=1334028&top_category=1334028&parent_category_rn=1334028&urlLangId=&categoryType=Wines&fromURL=%2fwebapp%2fwcs%2fstores%2fservlet%2fCatalogSearchResultView%3fstoreId%3d10051%26catalogId%3d10051%26langId%3d-1%26categoryId%3d1334028%26categoryType%3d%26top_category%3d%26parent_category_rn%3d%26sortBy%3d5%26searchSource%3dE%26pageView%3d%26beginIndex%3d0,9.59,44779,1 AVAILABLE,,None available,None available,None available,None available,None available
6,11,11,Josep Foraster Els Nanos Collita 2016 Conca de Barbera,https://www.finewineandgoodspirits.com/webapp/wcs/stores/servlet/ProductDisplay?catalogId=10051&storeId=10051&productId=2000048&langId=-1&partNumber=000037948prod&errorViewName=ProductDisplayErrorView&categoryId=1334028&top_category=1334028&parent_category_rn=1334028&urlLangId=&categoryType=Wines&fromURL=%2fwebapp%2fwcs%2fstores%2fservlet%2fCatalogSearchResultView%3fstoreId%3d10051%26catalogId%3d10051%26langId%3d-1%26categoryId%3d1334028%26categoryType%3d%26top_category%3d%26parent_category_rn%3d%26sortBy%3d5%26searchSource%3dE%26pageView%3d%26beginIndex%3d0,9.59,37948,2 AVAILABLE,,None available,None available,None available,None available,None available
7,12,12,Zantho Saint Laurent Burgenland 2011,https://www.finewineandgoodspirits.com/webapp/wcs/stores/servlet/ProductDisplay?catalogId=10051&storeId=10051&productId=2015566&langId=-1&partNumber=000044970prod&errorViewName=ProductDisplayErrorView&categoryId=1334028&top_category=1334028&parent_category_rn=1334028&urlLangId=&categoryType=Wines&fromURL=%2fwebapp%2fwcs%2fstores%2fservlet%2fCatalogSearchResultView%3fstoreId%3d10051%26catalogId%3d10051%26langId%3d-1%26categoryId%3d1334028%26categoryType%3d%26top_category%3d%26parent_category_rn%3d%26sortBy%3d5%26searchSource%3dE%26pageView%3d%26beginIndex%3d0,12.79,44970,2 AVAILABLE,,None available,None available,None available,None available,None available
8,13,13,Crowley Four Winds Pinot Noir Willamette Valley 2014,https://www.finewineandgoodspirits.com/webapp/wcs/stores/servlet/ProductDisplay?catalogId=10051&storeId=10051&productId=2017618&langId=-1&partNumber=000045485prod&errorViewName=ProductDisplayErrorView&categoryId=1334028&top_category=1334028&parent_category_rn=1334028&urlLangId=&categoryType=Wines&fromURL=%2fwebapp%2fwcs%2fstores%2fservlet%2fCatalogSearchResultView%3fstoreId%3d10051%26catalogId%3d10051%26langId%3d-1%26categoryId%3d1334028%26categoryType%3d%26top_category%3d%26parent_category_rn%3d%26sortBy%3d5%26searchSource%3dE%26pageView%3d%26beginIndex%3d0,41.59,45485,1 AVAILABLE,,None available,None available,None available,None available,None available
9,14,14,Conde Villar Tinto Alentejo 2016,https://www.finewineandgoodspirits.com/webapp/wcs/stores/servlet/ProductDisplay?catalogId=10051&storeId=10051&productId=2067674&langId=-1&partNumber=000073552prod&errorViewName=ProductDisplayErrorView&categoryId=1333936&top_category=25588&parent_category_rn=25588&urlLangId=&variety=Red&categoryType=Wines&fromURL=%2fwebapp%2fwcs%2fstores%2fservlet%2fCatalogSearchResultView%3fstoreId%3d10051%26catalogId%3d10051%26langId%3d-1%26categoryId%3d1333936%26variety%3dRed%26categoryType%3dWines%26top_category%3d%26parent_category_rn%3d%26sortBy%3d5%26searchSource%3dE%26pageView%3d%26beginIndex%3d0,9.59,73552,64 AVAILABLE,,None available,None available,None available,None available,None available
10,15,15,Conde Villar Alvarinho Minho 2016,https://www.finewineandgoodspirits.com/webapp/wcs/stores/servlet/ProductDisplay?catalogId=10051&storeId=10051&productId=2067678&langId=-1&partNumber=000073557prod&errorViewName=ProductDisplayErrorView&categoryId=1334028&top_category=1334028&parent_category_rn=1334028&urlLangId=&categoryType=Wines&fromURL=%2fwebapp%2fwcs%2fstores%2fservlet%2fCatalogSearchResultView%3fstoreId%3d10051%26catalogId%3d10051%26langId%3d-1%26categoryId%3d1334028%26categoryType%3d%26top_category%3d%26parent_category_rn%3d%26sortBy%3d5%26searchSource%3dE%26pageView%3d%26beginIndex%3d15,16.79,73557,13 AVAILABLE,,None available,None available,None available,None available,None available
11,16,16,Luna Beberide Godello Bierzo 2016,https://www.finewineandgoodspirits.com/webapp/wcs/stores/servlet/ProductDisplay?catalogId=10051&storeId=10051&productId=2067686&langId=-1&partNumber=000073572prod&errorViewName=ProductDisplayErrorView&categoryId=1334028&top_category=1334028&parent_category_rn=1334028&urlLangId=&categoryType=Wines&fromURL=%2fwebapp%2fwcs%2fstores%2fservlet%2fCatalogSearchResultView%3fstoreId%3d10051%26catalogId%3d10051%26langId%3d-1%26categoryId%3d1334028%26categoryType%3d%26top_category%3d%26parent_category_rn%3d%26sortBy%3d5%26searchSource%3dE%26pageView%3d%26beginIndex%3d15,16.79,73572,42 AVAILABLE,,None available,None available,None available,None available,None available
12,17,17,Fonte alla Selva Chianti Classico Gran Selezione 2013,https://www.finewineandgoodspirits.com/webapp/wcs/stores/servlet/ProductDisplay?catalogId=10051&storeId=10051&productId=2073168&langId=-1&partNumber=000073598prod&errorViewName=ProductDisplayErrorView&categoryId=1334028&top_category=1334028&parent_category_rn=1334028&urlLangId=&categoryType=Wines&fromURL=%2fwebapp%2fwcs%2fstores%2fservlet%2fCatalogSearchResultView%3fstoreId%3d10051%26catalogId%3d10051%26langId%3d-1%26categoryId%3d1334028%26categoryType%3d%26top_category%3d%26parent_category_rn%3d%26sortBy%3d5%26searchSource%3dE%26pageView%3d%26beginIndex%3d15,19.99,73598,27 AVAILABLE,,None available,None available,None available,None available,None available
13,18,18,Norma Jeane Merlot Paso Robles 2016,https://www.finewineandgoodspirits.com/webapp/wcs/stores/servlet/ProductDisplay?catalogId=10051&storeId=10051&productId=2100772&langId=-1&partNumber=000073786prod&errorViewName=ProductDisplayErrorView&categoryId=1334028&top_category=1334028&parent_category_rn=1334028&urlLangId=&categoryType=Wines&fromURL=%2fwebapp%2fwcs%2fstores%2fservlet%2fCatalogSearchResultView%3fstoreId%3d10051%26catalogId%3d10051%26langId%3d-1%26categoryId%3d1334028%26categoryType%3d%26top_category%3d%26parent_category_rn%3d%26sortBy%3d5%26searchSource%3dE%26pageView%3d%26beginIndex%3d15,10.39,73786,2 AVAILABLE,,None available,None available,None available,None available,None available
14,19,19,Podere San Cristoforo Luminoso Maremma 2016,https://www.finewineandgoodspirits.com/webapp/wcs/stores/servlet/ProductDisplay?catalogId=10051&storeId=10051&productId=2155880&langId=-1&partNumber=000074684prod&errorViewName=ProductDisplayErrorView&categoryId=1334028&top_category=1334028&parent_category_rn=1334028&urlLangId=&categoryType=Wines&fromURL=%2fwebapp%2fwcs%2fstores%2fservlet%2fCatalogSearchResultView%3fstoreId%3d10051%26catalogId%3d10051%26langId%3d-1%26categoryId%3d1334028%26categoryType%3d%26top_category%3d%26parent_category_rn%3d%26sortBy%3d5%26searchSource%3dE%26pageView%3d%26beginIndex%3d15,19.19,74684,40 AVAILABLE,,None available,None available,None available,None available,None available
15,20,20,Fattoria Fibbiano Le Pianette Toscana 2014,https://www.finewineandgoodspirits.com/webapp/wcs/stores/servlet/ProductDisplay?catalogId=10051&storeId=10051&productId=2155886&langId=-1&partNumber=000074766prod&errorViewName=ProductDisplayErrorView&categoryId=1334028&top_category=1334028&parent_category_rn=1334028&urlLangId=&categoryType=Wines&fromURL=%2fwebapp%2fwcs%2fstores%2fservlet%2fCatalogSearchResultView%3fstoreId%3d10051%26catalogId%3d10051%26langId%3d-1%26categoryId%3d1334028%26categoryType%3d%26top_category%3d%26parent_category_rn%3d%26sortBy%3d5%26searchSource%3dE%26pageView%3d%26beginIndex%3d15,11.99,74766,32 AVAILABLE,,None available,None available,None available,None available,None available
16,21,21,Sagelands Riverbed Red Columbia Valley 2016,https://www.finewineandgoodspirits.com/webapp/wcs/stores/servlet/ProductDisplay?catalogId=10051&storeId=10051&productId=2185938&langId=-1&partNumber=000075254prod&errorViewName=ProductDisplayErrorView&categoryId=1334028&top_category=1334028&parent_category_rn=1334028&urlLangId=&categoryType=Wines&fromURL=%2fwebapp%2fwcs%2fstores%2fservlet%2fCatalogSearchResultView%3fstoreId%3d10051%26catalogId%3d10051%26langId%3d-1%26categoryId%3d1334028%26categoryType%3d%26top_category%3d%26parent_category_rn%3d%26sortBy%3d5%26searchSource%3dE%26pageView%3d%26beginIndex%3d15,11.19,75254,31 AVAILABLE,,None available,None available,None available,None available,None available
17,22,22,Pendulum Red Blend Columbia Valley 2014,https://www.finewineandgoodspirits.com/webapp/wcs/stores/servlet/ProductDisplay?catalogId=10051&storeId=10051&productId=2185942&langId=-1&partNumber=000075256prod&errorViewName=ProductDisplayErrorView&categoryId=1334028&top_category=1334028&parent_category_rn=1334028&urlLangId=&categoryType=Wines&fromURL=%2fwebapp%2fwcs%2fstores%2fservlet%2fCatalogSearchResultView%3fstoreId%3d10051%26catalogId%3d10051%26langId%3d-1%26categoryId%3d1334028%26categoryType%3d%26top_category%3d%26parent_category_rn%3d%26sortBy%3d5%26searchSource%3dE%26pageView%3d%26beginIndex%3d15,17.59,75256,53 AVAILABLE,,None available,None available,None available,None available,None available
18,23,23,Waterbrook Reserve Merlot Columbia Valley 2014,https://www.finewineandgoodspirits.com/webapp/wcs/stores/servlet/ProductDisplay?catalogId=10051&storeId=10051&productId=2185944&langId=-1&partNumber=000075257prod&errorViewName=ProductDisplayErrorView&categoryId=1334028&top_category=1334028&parent_category_rn=1334028&urlLangId=&categoryType=Wines&fromURL=%2fwebapp%2fwcs%2fstores%2fservlet%2fCatalogSearchResultView%3fstoreId%3d10051%26catalogId%3d10051%26langId%3d-1%26categoryId%3d1334028%26categoryType%3d%26top_category%3d%26parent_category_rn%3d%26sortBy%3d5%26searchSource%3dE%26pageView%3d%26beginIndex%3d15,22.39,75257,22 AVAILABLE,,None available,None available,None available,None available,None available
19,25,25,Red Newt Circle Riesling Finger Lakes 2016,https://www.finewineandgoodspirits.com/webapp/wcs/stores/servlet/ProductDisplay?catalogId=10051&storeId=10051&productId=2211964&langId=-1&partNumber=000075594prod&errorViewName=ProductDisplayErrorView&categoryId=1334028&top_category=1334028&parent_category_rn=1334028&urlLangId=&categoryType=Wines&fromURL=%2fwebapp%2fwcs%2fstores%2fservlet%2fCatalogSearchResultView%3fstoreId%3d10051%26catalogId%3d10051%26langId%3d-1%26categoryId%3d1334028%26categoryType%3d%26top_category%3d%26parent_category_rn%3d%26sortBy%3d5%26searchSource%3dE%26pageView%3d%26beginIndex%3d15,11.99,75594,15 AVAILABLE,,None available,None available,None available,None available,None available
20,26,26,Red Newt Dry Riesling Finger Lakes 2015,https://www.finewineandgoodspirits.com/webapp/wcs/stores/servlet/ProductDisplay?catalogId=10051&storeId=10051&productId=2211968&langId=-1&partNumber=000075596prod&errorViewName=ProductDisplayErrorView&categoryId=1334028&top_category=1334028&parent_category_rn=1334028&urlLangId=&categoryType=Wines&fromURL=%2fwebapp%2fwcs%2fstores%2fservlet%2fCatalogSearchResultView%3fstoreId%3d10051%26catalogId%3d10051%26langId%3d-1%26categoryId%3d1334028%26categoryType%3d%26top_category%3d%26parent_category_rn%3d%26sortBy%3d5%26searchSource%3dE%26pageView%3d%26beginIndex%3d15,15.99,75596,37 AVAILABLE,,None available,None available,None available,None available,None available
21,27,27,Chateau de Lacarelle Beaujolais Villages 2017,https://www.finewineandgoodspirits.com/webapp/wcs/stores/servlet/ProductDisplay?catalogId=10051&storeId=10051&productId=2232100&langId=-1&partNumber=000075883prod&errorViewName=ProductDisplayErrorView&categoryId=1334028&top_category=1334028&parent_category_rn=1334028&urlLangId=&categoryType=Wines&fromURL=%2fwebapp%2fwcs%2fstores%2fservlet%2fCatalogSearchResultView%3fstoreId%3d10051%26catalogId%3d10051%26langId%3d-1%26categoryId%3d1334028%26categoryType%3d%26top_category%3d%26parent_category_rn%3d%26sortBy%3d5%26searchSource%3dE%26pageView%3d%26beginIndex%3d15,11.19,75883,3 AVAILABLE,,None available,None available,None available,None available,None available
22,28,28,Casa da Passarella Vinhas Velhas Dao Tinto 2012,https://www.finewineandgoodspirits.com/webapp/wcs/stores/servlet/ProductDisplay?catalogId=10051&storeId=10051&productId=2249580&langId=-1&partNumber=000076198prod&errorViewName=ProductDisplayErrorView&categoryId=1333936&top_category=25588&parent_category_rn=25588&urlLangId=&variety=Red&categoryType=Wines&fromURL=%2fwebapp%2fwcs%2fstores%2fservlet%2fCatalogSearchResultView%3fstoreId%3d10051%26catalogId%3d10051%26langId%3d-1%26categoryId%3d1333936%26variety%3dRed%26categoryType%3dWines%26top_category%3d%26parent_category_rn%3d%26sortBy%3d5%26searchSource%3dE%26pageView%3d%26beginIndex%3d0,27.99,76198,29 AVAILABLE,,None available,None available,None available,None available,None available
23,29,29,Quinta das Maias Malvasia Fina Dao 2015,https://www.finewineandgoodspirits.com/webapp/wcs/stores/servlet/ProductDisplay?catalogId=10051&storeId=10051&productId=2256176&langId=-1&partNumber=000076283prod&errorViewName=ProductDisplayErrorView&categoryId=1334028&top_category=1334028&parent_category_rn=1334028&urlLangId=&categoryType=Wines&fromURL=%2fwebapp%2fwcs%2fstores%2fservlet%2fCatalogSearchResultView%3fstoreId%3d10051%26catalogId%3d10051%26langId%3d-1%26categoryId%3d1334028%26categoryType%3d%26top_category%3d%26parent_category_rn%3d%26sortBy%3d5%26searchSource%3dE%26pageView%3d%26beginIndex%3d15,12.79,76283,6 AVAILABLE,,None available,None available,None available,None available,None available
24,30,30,Quinta das Maias Tinto Dao 2014,https://www.finewineandgoodspirits.com/webapp/wcs/stores/servlet/ProductDisplay?catalogId=10051&storeId=10051&productId=2256178&langId=-1&partNumber=000076284prod&errorViewName=ProductDisplayErrorView&categoryId=1334028&top_category=1334028&parent_category_rn=1334028&urlLangId=&categoryType=Wines&fromURL=%2fwebapp%2fwcs%2fstores%2fservlet%2fCatalogSearchResultView%3fstoreId%3d10051%26catalogId%3d10051%26langId%3d-1%26categoryId%3d1334028%26categoryType%3d%26top_category%3d%26parent_category_rn%3d%26sortBy%3d5%26searchSource%3dE%26pageView%3d%26beginIndex%3d30,10.39,76284,38 AVAILABLE,,None available,None available,None available,None available,None available
25,31,31,Julia Kemper Vinhas Selecionadas Tinto Dao 2012,https://www.finewineandgoodspirits.com/webapp/wcs/stores/servlet/ProductDisplay?catalogId=10051&storeId=10051&productId=2256180&langId=-1&partNumber=000076286prod&errorViewName=ProductDisplayErrorView&categoryId=1334028&top_category=1334028&parent_category_rn=1334028&urlLangId=&categoryType=Wines&fromURL=%2fwebapp%2fwcs%2fstores%2fservlet%2fCatalogSearchResultView%3fstoreId%3d10051%26catalogId%3d10051%26langId%3d-1%26categoryId%3d1334028%26categoryType%3d%26top_category%3d%26parent_category_rn%3d%26sortBy%3d5%26searchSource%3dE%26pageView%3d%26beginIndex%3d30,14.39,76286,24 AVAILABLE,,None available,None available,None available,None available,None available
26,32,32,Quinta dos Roques Encruzado Dao 2015,https://www.finewineandgoodspirits.com/webapp/wcs/stores/servlet/ProductDisplay?catalogId=10051&storeId=10051&productId=2256182&langId=-1&partNumber=000076288prod&errorViewName=ProductDisplayErrorView&categoryId=1334028&top_category=1334028&parent_category_rn=1334028&urlLangId=&categoryType=Wines&fromURL=%2fwebapp%2fwcs%2fstores%2fservlet%2fCatalogSearchResultView%3fstoreId%3d10051%26catalogId%3d10051%26langId%3d-1%26categoryId%3d1334028%26categoryType%3d%26top_category%3d%26parent_category_rn%3d%26sortBy%3d5%26searchSource%3dE%26pageView%3d%26beginIndex%3d30,17.59,76288,9 AVAILABLE,,None available,None available,None available,None available,None available
27,33,33,Raats Jasper Red Blend Stellenbosch 2015,https://www.finewineandgoodspirits.com/webapp/wcs/stores/servlet/ProductDisplay?catalogId=10051&storeId=10051&productId=2285176&langId=-1&partNumber=000076829prod&errorViewName=ProductDisplayErrorView&categoryId=1334028&top_category=1334028&parent_category_rn=1334028&urlLangId=&categoryType=Wines&fromURL=%2fwebapp%2fwcs%2fstores%2fservlet%2fCatalogSearchResultView%3fstoreId%3d10051%26catalogId%3d10051%26langId%3d-1%26categoryId%3d1334028%26categoryType%3d%26top_category%3d%26parent_category_rn%3d%26sortBy%3d5%26searchSource%3dE%26pageView%3d%26beginIndex%3d30,13.59,76829,22 AVAILABLE,,None available,None available,None available,None available,None available
28,34,34,Kanonkop Kadette Red Blend Stellenbosch 2016,https://www.finewineandgoodspirits.com/webapp/wcs/stores/servlet/ProductDisplay?catalogId=10051&storeId=10051&productId=2285180&langId=-1&partNumber=000076831prod&errorViewName=ProductDisplayErrorView&categoryId=1333936&top_category=25588&parent_category_rn=25588&urlLangId=&variety=Red&categoryType=Wines&fromURL=%2fwebapp%2fwcs%2fstores%2fservlet%2fCatalogSearchResultView%3fstoreId%3d10051%26catalogId%3d10051%26langId%3d-1%26categoryId%3d1333936%26variety%3dRed%26categoryType%3dWines%26top_category%3d%26parent_category_rn%3d%26sortBy%3d5%26searchSource%3dE%26pageView%3d%26beginIndex%3d30,11.99,76831,54 AVAILABLE,,None available,None available,None available,None available,None available
29,35,35,Stark Conde Cabernet Sauvignon Stellenbosch 2015,https://www.finewineandgoodspirits.com/webapp/wcs/stores/servlet/ProductDisplay?catalogId=10051&storeId=10051&productId=2286166&langId=-1&partNumber=000076882prod&errorViewName=ProductDisplayErrorView&categoryId=1333936&top_category=25588&parent_category_rn=25588&urlLangId=&variety=Red&categoryType=Wines&fromURL=%2fwebapp%2fwcs%2fstores%2fservlet%2fCatalogSearchResultView%3fstoreId%3d10051%26catalogId%3d10051%26langId%3d-1%26categoryId%3d1333936%26variety%3dRed%26categoryType%3dWines%26top_category%3d%26parent_category_rn%3d%26sortBy%3d5%26searchSource%3dE%26pageView%3d%26beginIndex%3d30,22.39,76882,14 AVAILABLE,,None available,None available,None available,None available,None available
30,36,36,Chateau Soucherie Anjou Blanc Cuvee Les Rangs de Long 2016,https://www.finewineandgoodspirits.com/webapp/wcs/stores/servlet/ProductDisplay?catalogId=10051&storeId=10051&productId=2300728&langId=-1&partNumber=000077052prod&errorViewName=ProductDisplayErrorView&categoryId=1334028&top_category=1334028&parent_category_rn=1334028&urlLangId=&categoryType=Wines&fromURL=%2fwebapp%2fwcs%2fstores%2fservlet%2fCatalogSearchResultView%3fstoreId%3d10051%26catalogId%3d10051%26langId%3d-1%26categoryId%3d1334028%26categoryType%3d%26top_category%3d%26parent_category_rn%3d%26sortBy%3d5%26searchSource%3dE%26pageView%3d%26beginIndex%3d30,17.59,77052,18 AVAILABLE,,None available,None available,None available,None available,None available
31,37,37,Rocca di Frassinello Poggio alla Guardia Maremma Tuscany 2015,https://www.finewineandgoodspirits.com/webapp/wcs/stores/servlet/ProductDisplay?catalogId=10051&storeId=10051&productId=2307244&langId=-1&partNumber=000077158prod&errorViewName=ProductDisplayErrorView&categoryId=1334028&top_category=1334028&parent_category_rn=1334028&urlLangId=&categoryType=Wines&fromURL=%2fwebapp%2fwcs%2fstores%2fservlet%2fCatalogSearchResultView%3fstoreId%3d10051%26catalogId%3d10051%26langId%3d-1%26categoryId%3d1334028%26categoryType%3d%26top_category%3d%26parent_category_rn%3d%26sortBy%3d5%26searchSource%3dE%26pageView%3d%26beginIndex%3d30,19.19,77158,20 AVAILABLE,,None available,None available,None available,None available,None available
32,38,38,Trimbach Reserve Muscat Alsace 2016,https://www.finewineandgoodspirits.com/webapp/wcs/stores/servlet/ProductDisplay?catalogId=10051&storeId=10051&productId=2307252&langId=-1&partNumber=000077202prod&errorViewName=ProductDisplayErrorView&categoryId=&top_category=&parent_category_rn=&urlLangId=&categoryType=Wines&fromURL=%2fwebapp%2fwcs%2fstores%2fservlet%2fCatalogSearchResultView%3fstoreId%3d10051%26catalogId%3d10051%26langId%3d-1%26sType%3dSimpleSearch%26resultCatEntryType%3d2%26showResultsPage%3dtrue%26pageSize%3d15%26sortBy%3d5%26searchSource%3dQ%26pageView%3d%26beginIndex%3d0%26searchTerm%3dReserve%26SearchKeyWord%3d,23.99,77202,32 AVAILABLE,,None available,None available,None available,None available,None available
33,39,39,Le Temps des Vendanges Malbec et Merlot Comte Tolosan 2016,https://www.finewineandgoodspirits.com/webapp/wcs/stores/servlet/ProductDisplay?catalogId=10051&storeId=10051&productId=2327768&langId=-1&partNumber=000077301prod&errorViewName=ProductDisplayErrorView&categoryId=1334028&top_category=1334028&parent_category_rn=1334028&urlLangId=&categoryType=Wines&fromURL=%2fwebapp%2fwcs%2fstores%2fservlet%2fCatalogSearchResultView%3fstoreId%3d10051%26catalogId%3d10051%26langId%3d-1%26categoryId%3d1334028%26categoryType%3d%26top_category%3d%26parent_category_rn%3d%26sortBy%3d5%26searchSource%3dE%26pageView%3d%26beginIndex%3d30,10.39,77301,63 AVAILABLE,,None available,None available,None available,None available,None available
34,40,40,Domaine de Pouy Blanc Cotes de Gascogne 2017,https://www.finewineandgoodspirits.com/webapp/wcs/stores/servlet/ProductDisplay?catalogId=10051&storeId=10051&productId=2327772&langId=-1&partNumber=000077303prod&errorViewName=ProductDisplayErrorView&categoryId=1334028&top_category=1334028&parent_category_rn=1334028&urlLangId=&categoryType=Wines&fromURL=%2fwebapp%2fwcs%2fstores%2fservlet%2fCatalogSearchResultView%3fstoreId%3d10051%26catalogId%3d10051%26langId%3d-1%26categoryId%3d1334028%26categoryType%3d%26top_category%3d%26parent_category_rn%3d%26sortBy%3d5%26searchSource%3dE%26pageView%3d%26beginIndex%3d30,8.79,77303,13 AVAILABLE,,None available,None available,None available,None available,None available
35,41,41,Yobo Soju New York 26 Proof,https://www.finewineandgoodspirits.com/webapp/wcs/stores/servlet/ProductDisplay?catalogId=10051&storeId=10051&productId=2327782&langId=-1&partNumber=000078968prod&errorViewName=ProductDisplayErrorView&categoryId=1334028&top_category=1334028&parent_category_rn=1334028&urlLangId=&categoryType=Wines&fromURL=%2fwebapp%2fwcs%2fstores%2fservlet%2fCatalogSearchResultView%3fstoreId%3d10051%26catalogId%3d10051%26langId%3d-1%26categoryId%3d1334028%26categoryType%3d%26top_category%3d%26parent_category_rn%3d%26sortBy%3d5%26searchSource%3dE%26pageView%3d%26beginIndex%3d30,29.59,78968,33 AVAILABLE,,None available,None available,None available,None available,None available
36,42,42,Castello Frescobaldi Pomino Bianco 2017,https://www.finewineandgoodspirits.com/webapp/wcs/stores/servlet/ProductDisplay?catalogId=10051&storeId=10051&productId=2329774&langId=-1&partNumber=000077340prod&errorViewName=ProductDisplayErrorView&categoryId=1334028&top_category=1334028&parent_category_rn=1334028&urlLangId=&categoryType=Wines&fromURL=%2fwebapp%2fwcs%2fstores%2fservlet%2fCatalogSearchResultView%3fstoreId%3d10051%26catalogId%3d10051%26langId%3d-1%26categoryId%3d1334028%26categoryType%3d%26top_category%3d%26parent_category_rn%3d%26sortBy%3d5%26searchSource%3dE%26pageView%3d%26beginIndex%3d30,17.59,77340,10 AVAILABLE,,None available,None available,None available,None available,None available
37,43,43,Frescobaldi Tenuta Perano Chianti Classico 2015,https://www.finewineandgoodspirits.com/webapp/wcs/stores/servlet/ProductDisplay?catalogId=10051&storeId=10051&productId=2329776&langId=-1&partNumber=000077341prod&errorViewName=ProductDisplayErrorView&categoryId=1334028&top_category=1334028&parent_category_rn=1334028&urlLangId=&categoryType=Wines&fromURL=%2fwebapp%2fwcs%2fstores%2fservlet%2fCatalogSearchResultView%3fstoreId%3d10051%26catalogId%3d10051%26langId%3d-1%26categoryId%3d1334028%26categoryType%3d%26top_category%3d%26parent_category_rn%3d%26sortBy%3d5%26searchSource%3dE%26pageView%3d%26beginIndex%3d30,22.39,77341,39 AVAILABLE,,None available,None available,None available,None available,None available
38,44,44,Domaine Ilarria Irouleguy Rouge 2015,https://www.finewineandgoodspirits.com/webapp/wcs/stores/servlet/ProductDisplay?catalogId=10051&storeId=10051&productId=2329778&langId=-1&partNumber=000077342prod&errorViewName=ProductDisplayErrorView&categoryId=1334028&top_category=1334028&parent_category_rn=1334028&urlLangId=&categoryType=Wines&fromURL=%2fwebapp%2fwcs%2fstores%2fservlet%2fCatalogSearchResultView%3fstoreId%3d10051%26catalogId%3d10051%26langId%3d-1%26categoryId%3d1334028%26categoryType%3d%26top_category%3d%26parent_category_rn%3d%26sortBy%3d5%26searchSource%3dE%26pageView%3d%26beginIndex%3d30,23.19,77342,21 AVAILABLE,,None available,None available,None available,None available,None available
39,45,45,Julia's Dazzle Rose Horse Heaven Hills 2016,https://www.finewineandgoodspirits.com/webapp/wcs/stores/servlet/ProductDisplay?catalogId=10051&storeId=10051&productId=2412464&langId=-1&partNumber=000017663prod&errorViewName=ProductDisplayErrorView&categoryId=1334028&top_category=1334028&parent_category_rn=1334028&urlLangId=&categoryType=Wines&fromURL=%2fwebapp%2fwcs%2fstores%2fservlet%2fCatalogSearchResultView%3fstoreId%3d10051%26catalogId%3d10051%26langId%3d-1%26categoryId%3d1334028%26categoryType%3d%26top_category%3d%26parent_category_rn%3d%26sortBy%3d5%26searchSource%3dE%26pageView%3d%26beginIndex%3d0,19.99,17663,None Available,,None available,None available,None available,None available,None available
40,46,46,Lieb Cellars Right Coast Red North Fork Long Island 2010,https://www.finewineandgoodspirits.com/webapp/wcs/stores/servlet/ProductDisplay?catalogId=10051&storeId=10051&productId=2432584&langId=-1&partNumber=000031635prod&errorViewName=ProductDisplayErrorView&categoryId=1334028&top_category=1334028&parent_category_rn=1334028&urlLangId=&categoryType=Wines&fromURL=%2fwebapp%2fwcs%2fstores%2fservlet%2fCatalogSearchResultView%3fstoreId%3d10051%26catalogId%3d10051%26langId%3d-1%26categoryId%3d1334028%26categoryType%3d%26top_category%3d%26parent_category_rn%3d%26sortBy%3d5%26searchSource%3dE%26pageView%3d%26beginIndex%3d45,19.99,31635,1 AVAILABLE,,None available,None available,None available,None available,None available
41,47,47,Gentleman's Collection Forgo Frills Red Blend California,https://www.finewineandgoodspirits.com/webapp/wcs/stores/servlet/ProductDisplay?catalogId=10051&storeId=10051&productId=1786474&langId=-1&partNumber=000001197prod&errorViewName=ProductDisplayErrorView&categoryId=1334028&top_category=1334028&parent_category_rn=1334028&urlLangId=&categoryType=Wines&fromURL=%2fwebapp%2fwcs%2fstores%2fservlet%2fCatalogSearchResultView%3fstoreId%3d10051%26catalogId%3d10051%26langId%3d-1%26categoryId%3d1334028%26categoryType%3d%26top_category%3d%26parent_category_rn%3d%26sortBy%3d5%26searchSource%3dE%26pageView%3d%26beginIndex%3d45,13.59,1197,9 AVAILABLE,https://www.finewineandgoodspirits.com/webapp/wcs/stores/servlet/ProductDetailInStore?ItemCode=000001197&catalogId=10051&storeId=10051&langId=-1&prodlistCatId=1334028&parent_category_rn=1334028&ProdName=Gentleman%27s%20Collection%20Forgo%20Frills%20Red%20Blend%20California&fromURL=/webapp/wcs/stores/servlet/CatalogSearchResultView?storeId=10051%26catalogId=10051%26langId=-1%26categoryId=1334028%26categoryType=%26top_category=%26parent_category_rn=%26sortBy=5%26searchSource=E%26pageView=%26beginIndex=45,  8 Units,None available,  9 Units,None available,None available
42,48,48,Sileni Nano Sauvignon Blanc Marlborough,https://www.finewineandgoodspirits.com/webapp/wcs/stores/servlet/ProductDisplay?catalogId=10051&storeId=10051&productId=1787180&langId=-1&partNumber=000001226prod&errorViewName=ProductDisplayErrorView&categoryId=1334028&top_category=1334028&parent_category_rn=1334028&urlLangId=&categoryType=Wines&fromURL=%2fwebapp%2fwcs%2fstores%2fservlet%2fCatalogSearchResultView%3fstoreId%3d10051%26catalogId%3d10051%26langId%3d-1%26categoryId%3d1334028%26categoryType%3d%26top_category%3d%26parent_category_rn%3d%26sortBy%3d5%26searchSource%3dE%26pageView%3d%26beginIndex%3d45,3.59,1226,16 AVAILABLE,https://www.finewineandgoodspirits.com/webapp/wcs/stores/servlet/ProductDetailInStore?ItemCode=000001226&catalogId=10051&storeId=10051&langId=-1&prodlistCatId=1334028&parent_category_rn=1334028&ProdName=Sileni%20Nano%20Sauvignon%20Blanc%20Marlborough&fromURL=/webapp/wcs/stores/servlet/CatalogSearchResultView?storeId=10051%26catalogId=10051%26langId=-1%26categoryId=1334028%26categoryType=%26top_category=%26parent_category_rn=%26sortBy=5%26searchSource=E%26pageView=%26beginIndex=45,None available,None available,None available,None available,None available
43,49,49,Eppa Suprafruta White Sangria Organic California,https://www.finewineandgoodspirits.com/webapp/wcs/stores/servlet/ProductDisplay?catalogId=10051&storeId=10051&productId=1791064&langId=-1&partNumber=000001166prod&errorViewName=ProductDisplayErrorView&categoryId=1334028&top_category=1334028&parent_category_rn=1334028&urlLangId=&categoryType=Wines&fromURL=%2fwebapp%2fwcs%2fstores%2fservlet%2fCatalogSearchResultView%3fstoreId%3d10051%26catalogId%3d10051%26langId%3d-1%26categoryId%3d1334028%26categoryType%3d%26top_category%3d%26parent_category_rn%3d%26sortBy%3d5%26searchSource%3dE%26pageView%3d%26beginIndex%3d45,9.59,1166,2 AVAILABLE,https://www.finewineandgoodspirits.com/webapp/wcs/stores/servlet/ProductDetailInStore?ItemCode=000001166&catalogId=10051&storeId=10051&langId=-1&prodlistCatId=1334028&parent_category_rn=1334028&ProdName=Eppa%20Suprafruta%20White%20Sangria%20Organic%20California&fromURL=/webapp/wcs/stores/servlet/CatalogSearchResultView?storeId=10051%26catalogId=10051%26langId=-1%26categoryId=1334028%26categoryType=%26top_category=%26parent_category_rn=%26sortBy=5%26searchSource=E%26pageView=%26beginIndex=45,None available,None available,None available,None available,  8 Units
44,50,50,Sanford Chardonnay Sta Rita Hills,https://www.finewineandgoodspirits.com/webapp/wcs/stores/servlet/ProductDisplay?catalogId=10051&storeId=10051&productId=1795814&langId=-1&partNumber=000001187prod&errorViewName=ProductDisplayErrorView&categoryId=1334028&top_category=1334028&parent_category_rn=1334028&urlLangId=&categoryType=Wines&fromURL=%2fwebapp%2fwcs%2fstores%2fservlet%2fCatalogSearchResultView%3fstoreId%3d10051%26catalogId%3d10051%26langId%3d-1%26categoryId%3d1334028%26categoryType%3d%26top_category%3d%26parent_category_rn%3d%26sortBy%3d5%26searchSource%3dE%26pageView%3d%26beginIndex%3d45,21.59,1187,9 AVAILABLE,https://www.finewineandgoodspirits.com/webapp/wcs/stores/servlet/ProductDetailInStore?ItemCode=000001187&catalogId=10051&storeId=10051&langId=-1&prodlistCatId=1334028&parent_category_rn=1334028&ProdName=Sanford%20Chardonnay%20Sta%20Rita%20Hills&fromURL=/webapp/wcs/stores/servlet/CatalogSearchResultView?storeId=10051%26catalogId=10051%26langId=-1%26categoryId=1334028%26categoryType=%26top_category=%26parent_category_rn=%26sortBy=5%26searchSource=E%26pageView=%26beginIndex=45,  1 Units,None available,None available,None available,  4 Units
45,51,51,Captain Morgan Pumpkin Spiced Rum Jack O Blast 60 Proof,https://www.finewineandgoodspirits.com/webapp/wcs/stores/servlet/ProductDisplay?catalogId=10051&storeId=10051&productId=1939546&langId=-1&partNumber=000001385prod&errorViewName=ProductDisplayErrorView&categoryId=1334028&top_category=1334028&parent_category_rn=1334028&urlLangId=&categoryType=Spirits&fromURL=%2fwebapp%2fwcs%2fstores%2fservlet%2fCatalogSearchResultView%3fstoreId%3d10051%26catalogId%3d10051%26langId%3d-1%26categoryId%3d1334028%26categoryType%3d%26top_category%3d%26parent_category_rn%3d%26sortBy%3d5%26searchSource%3dE%26pageView%3d%26beginIndex%3d45,14.39,1385,7 AVAILABLE,https://www.finewineandgoodspirits.com/webapp/wcs/stores/servlet/ProductDetailInStore?ItemCode=000001385&catalogId=10051&storeId=10051&langId=-1&prodlistCatId=1334028&parent_category_rn=1334028&ProdName=Captain%20Morgan%20Pumpkin%20Spiced%20Rum%20Jack%20O%20Blast%2060%20Proof&fromURL=/webapp/wcs/stores/servlet/CatalogSearchResultView?storeId=10051%26catalogId=10051%26langId=-1%26categoryId=1334028%26categoryType=%26top_category=%26parent_category_rn=%26sortBy=5%26searchSource=E%26pageView=%26beginIndex=45,None available,  6 Units,None available,  6 Units,None available
46,52,52,Jameson Whiskey Trilogy Pack 1 Caskmates IPA Edition 1 Original 1 Caskmates Stout Edition 3x200 ML 80 Proof,https://www.finewineandgoodspirits.com/webapp/wcs/stores/servlet/ProductDisplay?catalogId=10051&storeId=10051&productId=1939574&langId=-1&partNumber=000001402prod&errorViewName=ProductDisplayErrorView&categoryId=1334028&top_category=1334028&parent_category_rn=1334028&urlLangId=&categoryType=Spirits&fromURL=%2fwebapp%2fwcs%2fstores%2fservlet%2fCatalogSearchResultView%3fstoreId%3d10051%26catalogId%3d10051%26langId%3d-1%26categoryId%3d1334028%26categoryType%3d%26top_category%3d%26parent_category_rn%3d%26sortBy%3d5%26searchSource%3dE%26pageView%3d%26beginIndex%3d45,23.99,1402,None Available,https://www.finewineandgoodspirits.com/webapp/wcs/stores/servlet/ProductDetailInStore?ItemCode=000001402&catalogId=10051&storeId=10051&langId=-1&prodlistCatId=1334028&parent_category_rn=1334028&ProdName=Jameson%20Whiskey%20Trilogy%20Pack%201%20Caskmates%20IPA%20Edition%201%20Original%201%20Caskmates%20Stout%20Edition%203x200%20ML%2080%20Proof&fromURL=/webapp/wcs/stores/servlet/CatalogSearchResultView?storeId=10051%26catalogId=10051%26langId=-1%26categoryId=1334028%26categoryType=%26top_category=%26parent_category_rn=%26sortBy=5%26searchSource=E%26pageView=%26beginIndex=45,None available,None available,None available,None available,None available
47,53,53,Casa Noble Premium Tequila Collection With Crystal Reposado Anejo 80 Proof 3x375 ML,https://www.finewineandgoodspirits.com/webapp/wcs/stores/servlet/ProductDisplay?catalogId=10051&storeId=10051&productId=1939610&langId=-1&partNumber=000001428prod&errorViewName=ProductDisplayErrorView&categoryId=1334009&top_category=25208&parent_category_rn=25208&urlLangId=&variety=Tequilas&categoryType=Spirits&fromURL=%2fwebapp%2fwcs%2fstores%2fservlet%2fCatalogSearchResultView%3fstoreId%3d10051%26catalogId%3d10051%26langId%3d-1%26categoryId%3d1334009%26variety%3dTequilas%26categoryType%3dSpirits%26top_category%3d%26parent_category_rn%3d%26sortBy%3d5%26searchSource%3dE%26pageView%3d%26beginIndex%3d0,47.99,1428,1 AVAILABLE,https://www.finewineandgoodspirits.com/webapp/wcs/stores/servlet/ProductDetailInStore?ItemCode=000001428&catalogId=10051&storeId=10051&langId=-1&prodlistCatId=1334009&parent_category_rn=25208&ProdName=Casa%20Noble%20Premium%20Tequila%20Collection%20With%20Crystal%20Reposado%20Anejo%2080%20Proof%203x375%20ML&fromURL=/webapp/wcs/stores/servlet/CatalogSearchResultView?storeId=10051%26catalogId=10051%26langId=-1%26categoryId=1334009%26variety=Tequilas%26categoryType=Spirits%26top_category=%26parent_category_rn=%26sortBy=5%26searchSource=E%26pageView=%26beginIndex=0,None available,None available,None available,None available,None available
48,54,54,Smirnoff Sourced Cranberry Apple Vodka 60 Proof,https://www.finewineandgoodspirits.com/webapp/wcs/stores/servlet/ProductDisplay?catalogId=10051&storeId=10051&productId=1939732&langId=-1&partNumber=000001517prod&errorViewName=ProductDisplayErrorView&categoryId=1334028&top_category=1334028&parent_category_rn=1334028&urlLangId=&categoryType=Spirits&fromURL=%2fwebapp%2fwcs%2fstores%2fservlet%2fCatalogSearchResultView%3fstoreId%3d10051%26catalogId%3d10051%26langId%3d-1%26categoryId%3d1334028%26categoryType%3d%26top_category%3d%26parent_category_rn%3d%26sortBy%3d5%26searchSource%3dE%26pageView%3d%26beginIndex%3d45,11.99,1517,None Available,https://www.finewineandgoodspirits.com/webapp/wcs/stores/servlet/ProductDetailInStore?ItemCode=000001517&catalogId=10051&storeId=10051&langId=-1&prodlistCatId=1334028&parent_category_rn=1334028&ProdName=Smirnoff%20Sourced%20Cranberry%20Apple%20Vodka%2060%20Proof&fromURL=/webapp/wcs/stores/servlet/CatalogSearchResultView?storeId=10051%26catalogId=10051%26langId=-1%26categoryId=1334028%26categoryType=%26top_category=%26parent_category_rn=%26sortBy=5%26searchSource=E%26pageView=%26beginIndex=45,None available,None available,  3 Units,None available,None available
49,55,55,Mr and Mrs T's Bloody Mary Mix Fiery Pepper Non Alcohol,https://www.finewineandgoodspirits.com/webapp/wcs/stores/servlet/ProductDisplay?catalogId=10051&storeId=10051&productId=1939764&langId=-1&partNumber=000001538prod&errorViewName=ProductDisplayErrorView&categoryId=1334030&top_category=1334028&parent_category_rn=1334028&urlLangId=&categoryType=Spirits&fromURL=%2fwebapp%2fwcs%2fstores%2fservlet%2fCatalogSearchResultView%3fstoreId%3d10051%26catalogId%3d10051%26langId%3d-1%26categoryId%3d1334030%26categoryType%3d%26top_category%3d%26parent_category_rn%3d%26sortBy%3d5%26searchSource%3dE%26pageView%3d%26beginIndex%3d0,6.39,1538,10 AVAILABLE,https://www.finewineandgoodspirits.com/webapp/wcs/stores/servlet/ProductDetailInStore?ItemCode=000001538&catalogId=10051&storeId=10051&langId=-1&prodlistCatId=1334030&parent_category_rn=1334028&ProdName=Mr%20and%20Mrs%20T%27s%20Bloody%20Mary%20Mix%20Fiery%20Pepper%20Non%20Alcohol&fromURL=/webapp/wcs/stores/servlet/CatalogSearchResultView?storeId=10051%26catalogId=10051%26langId=-1%26categoryId=1334030%26categoryType=%26top_category=%26parent_category_rn=%26sortBy=5%26searchSource=E%26pageView=%26beginIndex=0,None available,None available,None available,  5 Units,  5 Units
50,56,56,Stellina di Notte Pinot Grigio Delle Venezie,https://www.finewineandgoodspirits.com/webapp/wcs/stores/servlet/ProductDisplay?catalogId=10051&storeId=10051&productId=1939880&langId=-1&partNumber=000001649prod&errorViewName=ProductDisplayErrorView&categoryId=1334028&top_category=1334028&parent_category_rn=1334028&urlLangId=&categoryType=Wines&fromURL=%2fwebapp%2fwcs%2fstores%2fservlet%2fCatalogSearchResultView%3fstoreId%3d10051%26catalogId%3d10051%26langId%3d-1%26categoryId%3d1334028%26categoryType%3d%26top_category%3d%26parent_category_rn%3d%26sortBy%3d5%26searchSource%3dE%26pageView%3d%26beginIndex%3d45,10.39,1649,21 AVAILABLE,https://www.finewineandgoodspirits.com/webapp/wcs/stores/servlet/ProductDetailInStore?ItemCode=000001649&catalogId=10051&storeId=10051&langId=-1&prodlistCatId=1334028&parent_category_rn=1334028&ProdName=Stellina%20di%20Notte%20Pinot%20Grigio%20Delle%20Venezie&fromURL=/webapp/wcs/stores/servlet/CatalogSearchResultView?storeId=10051%26catalogId=10051%26langId=-1%26categoryId=1334028%26categoryType=%26top_category=%26parent_category_rn=%26sortBy=5%26searchSource=E%26pageView=%26beginIndex=45,None available,None available,  2 Units,None available,None available
51,57,57,Effen Green Apple Vodka 75 Proof,https://www.finewineandgoodspirits.com/webapp/wcs/stores/servlet/ProductDisplay?catalogId=10051&storeId=10051&productId=1939932&langId=-1&partNumber=000001760prod&errorViewName=ProductDisplayErrorView&categoryId=1334028&top_category=1334028&parent_category_rn=1334028&urlLangId=&categoryType=Spirits&fromURL=%2fwebapp%2fwcs%2fstores%2fservlet%2fCatalogSearchResultView%3fstoreId%3d10051%26catalogId%3d10051%26langId%3d-1%26categoryId%3d1334028%26categoryType%3d%26top_category%3d%26parent_category_rn%3d%26sortBy%3d5%26searchSource%3dE%26pageView%3d%26beginIndex%3d45,17.59,1760,4 AVAILABLE,https://www.finewineandgoodspirits.com/webapp/wcs/stores/servlet/ProductDetailInStore?ItemCode=000001760&catalogId=10051&storeId=10051&langId=-1&prodlistCatId=1334028&parent_category_rn=1334028&ProdName=Effen%20Green%20Apple%20Vodka%2075%20Proof&fromURL=/webapp/wcs/stores/servlet/CatalogSearchResultView?storeId=10051%26catalogId=10051%26langId=-1%26categoryId=1334028%26categoryType=%26top_category=%26parent_category_rn=%26sortBy=5%26searchSource=E%26pageView=%26beginIndex=45,  9 Units,None available,None available,None available,None available
52,58,58,Stella Rosa Black IL Conte Italy,https://www.finewineandgoodspirits.com/webapp/wcs/stores/servlet/ProductDisplay?catalogId=10051&storeId=10051&productId=1940218&langId=-1&partNumber=000002138prod&errorViewName=ProductDisplayErrorView&categoryId=1334028&top_category=1334028&parent_category_rn=1334028&urlLangId=&categoryType=Wines&fromURL=%2fwebapp%2fwcs%2fstores%2fservlet%2fCatalogSearchResultView%3fstoreId%3d10051%26catalogId%3d10051%26langId%3d-1%26categoryId%3d1334028%26categoryType%3d%26top_category%3d%26parent_category_rn%3d%26sortBy%3d5%26searchSource%3dE%26pageView%3d%26beginIndex%3d45,3.99,2138,141 AVAILABLE,https://www.finewineandgoodspirits.com/webapp/wcs/stores/servlet/ProductDetailInStore?ItemCode=000002138&catalogId=10051&storeId=10051&langId=-1&prodlistCatId=1334028&parent_category_rn=1334028&ProdName=Stella%20Rosa%20Black%20IL%20Conte%20Italy&fromURL=/webapp/wcs/stores/servlet/CatalogSearchResultView?storeId=10051%26catalogId=10051%26langId=-1%26categoryId=1334028%26categoryType=%26top_category=%26parent_category_rn=%26sortBy=5%26searchSource=E%26pageView=%26beginIndex=45,  21 Units,None available,None available,None available,None available
53,59,59,RumChata FrappaChata Iced Coffee Ready To Drink 25 Proof,https://www.finewineandgoodspirits.com/webapp/wcs/stores/servlet/ProductDisplay?catalogId=10051&storeId=10051&productId=1940240&langId=-1&partNumber=000002149prod&errorViewName=ProductDisplayErrorView&categoryId=1334028&top_category=1334028&parent_category_rn=1334028&urlLangId=&categoryType=Spirits&fromURL=%2fwebapp%2fwcs%2fstores%2fservlet%2fCatalogSearchResultView%3fstoreId%3d10051%26catalogId%3d10051%26langId%3d-1%26categoryId%3d1334028%26categoryType%3d%26top_category%3d%26parent_category_rn%3d%26sortBy%3d5%26searchSource%3dE%26pageView%3d%26beginIndex%3d45,15.99,2149,None Available,https://www.finewineandgoodspirits.com/webapp/wcs/stores/servlet/ProductDetailInStore?ItemCode=000002149&catalogId=10051&storeId=10051&langId=-1&prodlistCatId=1334028&parent_category_rn=1334028&ProdName=RumChata%20FrappaChata%20Iced%20Coffee%20Ready%20To%20Drink%2025%20Proof&fromURL=/webapp/wcs/stores/servlet/CatalogSearchResultView?storeId=10051%26catalogId=10051%26langId=-1%26categoryId=1334028%26categoryType=%26top_category=%26parent_category_rn=%26sortBy=5%26searchSource=E%26pageView=%26beginIndex=45,None available,None available,None available,None available,None available
54,60,60,Vampire Pinot Noir California,https://www.finewineandgoodspirits.com/webapp/wcs/stores/servlet/ProductDisplay?catalogId=10051&storeId=10051&productId=1940494&langId=-1&partNumber=000003020prod&errorViewName=ProductDisplayErrorView&categoryId=1334028&top_category=1334028&parent_category_rn=1334028&urlLangId=&categoryType=Wines&fromURL=%2fwebapp%2fwcs%2fstores%2fservlet%2fCatalogSearchResultView%3fstoreId%3d10051%26catalogId%3d10051%26langId%3d-1%26categoryId%3d1334028%26categoryType%3d%26top_category%3d%26parent_category_rn%3d%26sortBy%3d5%26searchSource%3dE%26pageView%3d%26beginIndex%3d60,11.99,3020,2 AVAILABLE,https://www.finewineandgoodspirits.com/webapp/wcs/stores/servlet/ProductDetailInStore?ItemCode=000003020&catalogId=10051&storeId=10051&langId=-1&prodlistCatId=1334028&parent_category_rn=1334028&ProdName=Vampire%20Pinot%20Noir%20California&fromURL=/webapp/wcs/stores/servlet/CatalogSearchResultView?storeId=10051%26catalogId=10051%26langId=-1%26categoryId=1334028%26categoryType=%26top_category=%26parent_category_rn=%26sortBy=5%26searchSource=E%26pageView=%26beginIndex=60,None available,None available,None available,None available,None available
55,61,61,Hazlitt 1852 Vineyards White Cat Holiday Finger Lakes,https://www.finewineandgoodspirits.com/webapp/wcs/stores/servlet/ProductDisplay?catalogId=10051&storeId=10051&productId=1940546&langId=-1&partNumber=000003071prod&errorViewName=ProductDisplayErrorView&categoryId=1333958&top_category=25588&parent_category_rn=25588&urlLangId=&variety=White&categoryType=Wines&fromURL=%2fwebapp%2fwcs%2fstores%2fservlet%2fCatalogSearchResultView%3fstoreId%3d10051%26catalogId%3d10051%26langId%3d-1%26categoryId%3d1333958%26variety%3dWhite%26categoryType%3dWines%26top_category%3d%26parent_category_rn%3d%26sortBy%3d5%26searchSource%3dE%26pageView%3d%26beginIndex%3d0,7.19,3071,12 AVAILABLE,https://www.finewineandgoodspirits.com/webapp/wcs/stores/servlet/ProductDetailInStore?ItemCode=000003071&catalogId=10051&storeId=10051&langId=-1&prodlistCatId=1333958&parent_category_rn=25588&ProdName=Hazlitt%201852%20Vineyards%20White%20Cat%20Holiday%20Finger%20Lakes&fromURL=/webapp/wcs/stores/servlet/CatalogSearchResultView?storeId=10051%26catalogId=10051%26langId=-1%26categoryId=1333958%26variety=White%26categoryType=Wines%26top_category=%26parent_category_rn=%26sortBy=5%26searchSource=E%26pageView=%26beginIndex=0,None available,  4 Units,None available,None available,None available
56,62,62,Fat Cat Pinot Grigio California,https://www.finewineandgoodspirits.com/webapp/wcs/stores/servlet/ProductDisplay?catalogId=10051&storeId=10051&productId=1940622&langId=-1&partNumber=000003177prod&errorViewName=ProductDisplayErrorView&categoryId=1334028&top_category=1334028&parent_category_rn=1334028&urlLangId=&categoryType=Wines&fromURL=%2fwebapp%2fwcs%2fstores%2fservlet%2fCatalogSearchResultView%3fstoreId%3d10051%26catalogId%3d10051%26langId%3d-1%26categoryId%3d1334028%26categoryType%3d%26top_category%3d%26parent_category_rn%3d%26sortBy%3d5%26searchSource%3dE%26pageView%3d%26beginIndex%3d60,9.59,3177,6 AVAILABLE,https://www.finewineandgoodspirits.com/webapp/wcs/stores/servlet/ProductDetailInStore?ItemCode=000003177&catalogId=10051&storeId=10051&langId=-1&prodlistCatId=1334028&parent_category_rn=1334028&ProdName=Fat%20Cat%20Pinot%20Grigio%20California&fromURL=/webapp/wcs/stores/servlet/CatalogSearchResultView?storeId=10051%26catalogId=10051%26langId=-1%26categoryId=1334028%26categoryType=%26top_category=%26parent_category_rn=%26sortBy=5%26searchSource=E%26pageView=%26beginIndex=60,None available,None available,None available,None available,None available
57,63,63,HRM Rex Goliath Merlot California,https://www.finewineandgoodspirits.com/webapp/wcs/stores/servlet/ProductDisplay?catalogId=10051&storeId=10051&productId=1940684&langId=-1&partNumber=000003253prod&errorViewName=ProductDisplayErrorView&categoryId=1334028&top_category=1334028&parent_category_rn=1334028&urlLangId=&categoryType=Wines&fromURL=%2fwebapp%2fwcs%2fstores%2fservlet%2fCatalogSearchResultView%3fstoreId%3d10051%26catalogId%3d10051%26langId%3d-1%26categoryId%3d1334028%26categoryType%3d%26top_category%3d%26parent_category_rn%3d%26sortBy%3d5%26searchSource%3dE%26pageView%3d%26beginIndex%3d60,5.99,3253,8 AVAILABLE,https://www.finewineandgoodspirits.com/webapp/wcs/stores/servlet/ProductDetailInStore?ItemCode=000003253&catalogId=10051&storeId=10051&langId=-1&prodlistCatId=1334028&parent_category_rn=1334028&ProdName=HRM%20Rex%20Goliath%20Merlot%20California&fromURL=/webapp/wcs/stores/servlet/CatalogSearchResultView?storeId=10051%26catalogId=10051%26langId=-1%26categoryId=1334028%26categoryType=%26top_category=%26parent_category_rn=%26sortBy=5%26searchSource=E%26pageView=%26beginIndex=60,  9 Units,None available,None available,None available,  1 Units
58,64,64,Masi Masianco Delle Venezie,https://www.finewineandgoodspirits.com/webapp/wcs/stores/servlet/ProductDisplay?catalogId=10051&storeId=10051&productId=1940692&langId=-1&partNumber=000003257prod&errorViewName=ProductDisplayErrorView&categoryId=1334028&top_category=1334028&parent_category_rn=1334028&urlLangId=&categoryType=Wines&fromURL=%2fwebapp%2fwcs%2fstores%2fservlet%2fCatalogSearchResultView%3fstoreId%3d10051%26catalogId%3d10051%26langId%3d-1%26categoryId%3d1334028%26categoryType%3d%26top_category%3d%26parent_category_rn%3d%26sortBy%3d5%26searchSource%3dE%26pageView%3d%26beginIndex%3d60,7.99,3257,1 AVAILABLE,https://www.finewineandgoodspirits.com/webapp/wcs/stores/servlet/ProductDetailInStore?ItemCode=000003257&catalogId=10051&storeId=10051&langId=-1&prodlistCatId=1334028&parent_category_rn=1334028&ProdName=Masi%20Masianco%20Delle%20Venezie&fromURL=/webapp/wcs/stores/servlet/CatalogSearchResultView?storeId=10051%26catalogId=10051%26langId=-1%26categoryId=1334028%26categoryType=%26top_category=%26parent_category_rn=%26sortBy=5%26searchSource=E%26pageView=%26beginIndex=60,None available,None available,None available,None available,None available
59,65,65,Gallo Family Vineyards Sweet Red,https://www.finewineandgoodspirits.com/webapp/wcs/stores/servlet/ProductDisplay?catalogId=10051&storeId=10051&productId=1941062&langId=-1&partNumber=000003582prod&errorViewName=ProductDisplayErrorView&categoryId=1334028&top_category=1334028&parent_category_rn=1334028&urlLangId=&categoryType=Wines&fromURL=%2fwebapp%2fwcs%2fstores%2fservlet%2fCatalogSearchResultView%3fstoreId%3d10051%26catalogId%3d10051%26langId%3d-1%26categoryId%3d1334028%26categoryType%3d%26top_category%3d%26parent_category_rn%3d%26sortBy%3d5%26searchSource%3dE%26pageView%3d%26beginIndex%3d60,10.39,3582,16 AVAILABLE,https://www.finewineandgoodspirits.com/webapp/wcs/stores/servlet/ProductDetailInStore?ItemCode=000003582&catalogId=10051&storeId=10051&langId=-1&prodlistCatId=1334028&parent_category_rn=1334028&ProdName=Gallo%20Family%20Vineyards%20Sweet%20Red&fromURL=/webapp/wcs/stores/servlet/CatalogSearchResultView?storeId=10051%26catalogId=10051%26langId=-1%26categoryId=1334028%26categoryType=%26top_category=%26parent_category_rn=%26sortBy=5%26searchSource=E%26pageView=%26beginIndex=60,  1 Units,None available,None available,  7 Units,None available
60,66,66,Naked Grape Pinot Grigio California,https://www.finewineandgoodspirits.com/webapp/wcs/stores/servlet/ProductDisplay?catalogId=10051&storeId=10051&productId=1941084&langId=-1&partNumber=000003594prod&errorViewName=ProductDisplayErrorView&categoryId=1334028&top_category=1334028&parent_category_rn=1334028&urlLangId=&categoryType=Wines&fromURL=%2fwebapp%2fwcs%2fstores%2fservlet%2fCatalogSearchResultView%3fstoreId%3d10051%26catalogId%3d10051%26langId%3d-1%26categoryId%3d1334028%26categoryType%3d%26top_category%3d%26parent_category_rn%3d%26sortBy%3d5%26searchSource%3dE%26pageView%3d%26beginIndex%3d60,7.19,3594,25 AVAILABLE,https://www.finewineandgoodspirits.com/webapp/wcs/stores/servlet/ProductDetailInStore?ItemCode=000003594&catalogId=10051&storeId=10051&langId=-1&prodlistCatId=1334028&parent_category_rn=1334028&ProdName=Naked%20Grape%20Pinot%20Grigio%20California&fromURL=/webapp/wcs/stores/servlet/CatalogSearchResultView?storeId=10051%26catalogId=10051%26langId=-1%26categoryId=1334028%26categoryType=%26top_category=%26parent_category_rn=%26sortBy=5%26searchSource=E%26pageView=%26beginIndex=60,None available,None available,None available,  2 Units,None available
61,67,67,Bridlewood Estate Winery Pinot Noir Monterey County,https://www.finewineandgoodspirits.com/webapp/wcs/stores/servlet/ProductDisplay?catalogId=10051&storeId=10051&productId=1941124&langId=-1&partNumber=000003624prod&errorViewName=ProductDisplayErrorView&categoryId=1334028&top_category=1334028&parent_category_rn=1334028&urlLangId=&categoryType=Wines&fromURL=%2fwebapp%2fwcs%2fstores%2fservlet%2fCatalogSearchResultView%3fstoreId%3d10051%26catalogId%3d10051%26langId%3d-1%26categoryId%3d1334028%26categoryType%3d%26top_category%3d%26parent_category_rn%3d%26sortBy%3d5%26searchSource%3dE%26pageView%3d%26beginIndex%3d0,11.99,3624,7 AVAILABLE,https://www.finewineandgoodspirits.com/webapp/wcs/stores/servlet/ProductDetailInStore?ItemCode=000003624&catalogId=10051&storeId=10051&langId=-1&prodlistCatId=1334028&parent_category_rn=1334028&ProdName=Bridlewood%20Estate%20Winery%20Pinot%20Noir%20Monterey%20County&fromURL=/webapp/wcs/stores/servlet/CatalogSearchResultView?storeId=10051%26catalogId=10051%26langId=-1%26categoryId=1334028%26categoryType=%26top_category=%26parent_category_rn=%26sortBy=5%26searchSource=E%26pageView=%26beginIndex=0,None available,None available,None available,None available,None available
62,68,68,Hazlitt 1852 Vineyards Red Cat Holiday Finger Lakes,https://www.finewineandgoodspirits.com/webapp/wcs/stores/servlet/ProductDisplay?catalogId=10051&storeId=10051&productId=1941454&langId=-1&partNumber=000003871prod&errorViewName=ProductDisplayErrorView&categoryId=1334028&top_category=1334028&parent_category_rn=1334028&urlLangId=&categoryType=Wines&fromURL=%2fwebapp%2fwcs%2fstores%2fservlet%2fCatalogSearchResultView%3fstoreId%3d10051%26catalogId%3d10051%26langId%3d-1%26categoryId%3d1334028%26categoryType%3d%26top_category%3d%26parent_category_rn%3d%26sortBy%3d5%26searchSource%3dE%26pageView%3d%26beginIndex%3d60,7.19,3871,21 AVAILABLE,https://www.finewineandgoodspirits.com/webapp/wcs/stores/servlet/ProductDetailInStore?ItemCode=000003871&catalogId=10051&storeId=10051&langId=-1&prodlistCatId=1334028&parent_category_rn=1334028&ProdName=Hazlitt%201852%20Vineyards%20Red%20Cat%20Holiday%20Finger%20Lakes&fromURL=/webapp/wcs/stores/servlet/CatalogSearchResultView?storeId=10051%26catalogId=10051%26langId=-1%26categoryId=1334028%26categoryType=%26top_category=%26parent_category_rn=%26sortBy=5%26searchSource=E%26pageView=%26beginIndex=60,None available,  20 Units,None available,None available,None available
63,69,69,Ravens Wood Vintners Blend Petite Sirah California,https://www.finewineandgoodspirits.com/webapp/wcs/stores/servlet/ProductDisplay?catalogId=10051&storeId=10051&productId=1941734&langId=-1&partNumber=000004165prod&errorViewName=ProductDisplayErrorView&categoryId=1334028&top_category=1334028&parent_category_rn=1334028&urlLangId=&categoryType=Wines&fromURL=%2fwebapp%2fwcs%2fstores%2fservlet%2fCatalogSearchResultView%3fstoreId%3d10051%26catalogId%3d10051%26langId%3d-1%26categoryId%3d1334028%26categoryType%3d%26top_category%3d%26parent_category_rn%3d%26sortBy%3d5%26searchSource%3dE%26pageView%3d%26beginIndex%3d60,10.39,4165,11 AVAILABLE,https://www.finewineandgoodspirits.com/webapp/wcs/stores/servlet/ProductDetailInStore?ItemCode=000004165&catalogId=10051&storeId=10051&langId=-1&prodlistCatId=1334028&parent_category_rn=1334028&ProdName=Ravens%20Wood%20Vintners%20Blend%20Petite%20Sirah%20California&fromURL=/webapp/wcs/stores/servlet/CatalogSearchResultView?storeId=10051%26catalogId=10051%26langId=-1%26categoryId=1334028%26categoryType=%26top_category=%26parent_category_rn=%26sortBy=5%26searchSource=E%26pageView=%26beginIndex=60,None available,None available,None available,None available,None available
64,70,70,DeKuyper Sour Apple Pucker Schnapps 30 Proof,https://www.finewineandgoodspirits.com/webapp/wcs/stores/servlet/ProductDisplay?catalogId=10051&storeId=10051&productId=1941892&langId=-1&partNumber=000004294prod&errorViewName=ProductDisplayErrorView&categoryId=1334028&top_category=1334028&parent_category_rn=1334028&urlLangId=&categoryType=Spirits&fromURL=%2fwebapp%2fwcs%2fstores%2fservlet%2fCatalogSearchResultView%3fstoreId%3d10051%26catalogId%3d10051%26langId%3d-1%26categoryId%3d1334028%26categoryType%3d%26top_category%3d%26parent_category_rn%3d%26sortBy%3d5%26searchSource%3dE%26pageView%3d%26beginIndex%3d60,9.99,4294,None Available,https://www.finewineandgoodspirits.com/webapp/wcs/stores/servlet/ProductDetailInStore?ItemCode=000004294&catalogId=10051&storeId=10051&langId=-1&prodlistCatId=1334028&parent_category_rn=1334028&ProdName=DeKuyper%20Sour%20Apple%20Pucker%20Schnapps%2030%20Proof&fromURL=/webapp/wcs/stores/servlet/CatalogSearchResultView?storeId=10051%26catalogId=10051%26langId=-1%26categoryId=1334028%26categoryType=%26top_category=%26parent_category_rn=%26sortBy=5%26searchSource=E%26pageView=%26beginIndex=60,None available,None available,None available,None available,None available
65,71,71,Coppola Rosso and Bianco Chardonnay California,https://www.finewineandgoodspirits.com/webapp/wcs/stores/servlet/ProductDisplay?catalogId=10051&storeId=10051&productId=1942384&langId=-1&partNumber=000004727prod&errorViewName=ProductDisplayErrorView&categoryId=1334028&top_category=1334028&parent_category_rn=1334028&urlLangId=&categoryType=Wines&fromURL=%2fwebapp%2fwcs%2fstores%2fservlet%2fCatalogSearchResultView%3fstoreId%3d10051%26catalogId%3d10051%26langId%3d-1%26categoryId%3d1334028%26categoryType%3d%26top_category%3d%26parent_category_rn%3d%26sortBy%3d5%26searchSource%3dE%26pageView%3d%26beginIndex%3d60,6.99,4727,None Available,https://www.finewineandgoodspirits.com/webapp/wcs/stores/servlet/ProductDetailInStore?ItemCode=000004727&catalogId=10051&storeId=10051&langId=-1&prodlistCatId=1334028&parent_category_rn=1334028&ProdName=Coppola%20Rosso%20and%20Bianco%20Chardonnay%20California&fromURL=/webapp/wcs/stores/servlet/CatalogSearchResultView?storeId=10051%26catalogId=10051%26langId=-1%26categoryId=1334028%26categoryType=%26top_category=%26parent_category_rn=%26sortBy=5%26searchSource=E%26pageView=%26beginIndex=60,None available,None available,None available,None available,None available
66,72,72,Beringer Main and Vine White Zinfandel PVS,https://www.finewineandgoodspirits.com/webapp/wcs/stores/servlet/ProductDisplay?catalogId=10051&storeId=10051&productId=1942454&langId=-1&partNumber=000004801prod&errorViewName=ProductDisplayErrorView&categoryId=1334028&top_category=1334028&parent_category_rn=1334028&urlLangId=&categoryType=Wines&fromURL=%2fwebapp%2fwcs%2fstores%2fservlet%2fCatalogSearchResultView%3fstoreId%3d10051%26catalogId%3d10051%26langId%3d-1%26categoryId%3d1334028%26categoryType%3d%26top_category%3d%26parent_category_rn%3d%26sortBy%3d5%26searchSource%3dE%26pageView%3d%26beginIndex%3d60,8.79,4801,2 AVAILABLE,https://www.finewineandgoodspirits.com/webapp/wcs/stores/servlet/ProductDetailInStore?ItemCode=000004801&catalogId=10051&storeId=10051&langId=-1&prodlistCatId=1334028&parent_category_rn=1334028&ProdName=Beringer%20Main%20and%20Vine%20White%20Zinfandel%20PVS&fromURL=/webapp/wcs/stores/servlet/CatalogSearchResultView?storeId=10051%26catalogId=10051%26langId=-1%26categoryId=1334028%26categoryType=%26top_category=%26parent_category_rn=%26sortBy=5%26searchSource=E%26pageView=%26beginIndex=60,None available,None available,None available,None available,None available
67,73,73,Concha y Toro Frontera Shiraz,https://www.finewineandgoodspirits.com/webapp/wcs/stores/servlet/ProductDisplay?catalogId=10051&storeId=10051&productId=1942564&langId=-1&partNumber=000004887prod&errorViewName=ProductDisplayErrorView&categoryId=1334028&top_category=1334028&parent_category_rn=1334028&urlLangId=&categoryType=Wines&fromURL=%2fwebapp%2fwcs%2fstores%2fservlet%2fCatalogSearchResultView%3fstoreId%3d10051%26catalogId%3d10051%26langId%3d-1%26categoryId%3d1334028%26categoryType%3d%26top_category%3d%26parent_category_rn%3d%26sortBy%3d5%26searchSource%3dE%26pageView%3d%26beginIndex%3d60,8.79,4887,None Available,https://www.finewineandgoodspirits.com/webapp/wcs/stores/servlet/ProductDetailInStore?ItemCode=000004887&catalogId=10051&storeId=10051&langId=-1&prodlistCatId=1334028&parent_category_rn=1334028&ProdName=Concha%20y%20Toro%20Frontera%20Shiraz&fromURL=/webapp/wcs/stores/servlet/CatalogSearchResultView?storeId=10051%26catalogId=10051%26langId=-1%26categoryId=1334028%26categoryType=%26top_category=%26parent_category_rn=%26sortBy=5%26searchSource=E%26pageView=%26beginIndex=60,None available,None available,None available,None available,None available
68,74,74,Kendall Jackson Syrah Vintner's Reserve Santa Barbara County,https://www.finewineandgoodspirits.com/webapp/wcs/stores/servlet/ProductDisplay?catalogId=10051&storeId=10051&productId=1942698&langId=-1&partNumber=000005029prod&errorViewName=ProductDisplayErrorView&categoryId=1334028&top_category=1334028&parent_category_rn=1334028&urlLangId=&categoryType=Wines&fromURL=%2fwebapp%2fwcs%2fstores%2fservlet%2fCatalogSearchResultView%3fstoreId%3d10051%26catalogId%3d10051%26langId%3d-1%26categoryId%3d1334028%26categoryType%3d%26top_category%3d%26parent_category_rn%3d%26sortBy%3d5%26searchSource%3dE%26pageView%3d%26beginIndex%3d60,11.99,5029,8 AVAILABLE,https://www.finewineandgoodspirits.com/webapp/wcs/stores/servlet/ProductDetailInStore?ItemCode=000005029&catalogId=10051&storeId=10051&langId=-1&prodlistCatId=1334028&parent_category_rn=1334028&ProdName=Kendall%20Jackson%20Syrah%20Vintner%27s%20Reserve%20Santa%20Barbara%20County&fromURL=/webapp/wcs/stores/servlet/CatalogSearchResultView?storeId=10051%26catalogId=10051%26langId=-1%26categoryId=1334028%26categoryType=%26top_category=%26parent_category_rn=%26sortBy=5%26searchSource=E%26pageView=%26beginIndex=60,None available,None available,None available,None available,None available
